T_amb_C,D_eff_lower,D_eff_nominal,D_eff_upper,D_TF
-60.0000000000,0.0003643630,0.0003835400,0.0004027170,0.0003143006
-59.9000000000,0.0003642182,0.0003833876,0.0004025570,0.0003141500
-59.8000000000,0.0003640734,0.0003832352,0.0004023970,0.0003139993
-59.7000000000,0.0003639287,0.0003830828,0.0004022369,0.0003138486
-59.6000000000,0.0003637839,0.0003829304,0.0004020769,0.0003136979
-59.5000000000,0.0003636391,0.0003827780,0.0004019169,0.0003135472
-59.4000000000,0.0003634943,0.0003826256,0.0004017569,0.0003133965
-59.3000000000,0.0003633495,0.0003824732,0.0004015969,0.0003132458
-59.2000000000,0.0003632048,0.0003823208,0.0004014368,0.0003130951
-59.1000000000,0.0003630600,0.0003821684,0.0004012768,0.0003129445
-59.0000000000,0.0003629152,0.0003820160,0.0004011168,0.0003127938
-58.9000000000,0.0003627704,0.0003818636,0.0004009568,0.0003126430
-58.8000000000,0.0003626256,0.0003817112,0.0004007968,0.0003124923
-58.7000000000,0.0003624809,0.0003815588,0.0004006367,0.0003123416
-58.6000000000,0.0003623361,0.0003814064,0.0004004767,0.0003121909
-58.5000000000,0.0003621913,0.0003812540,0.0004003167,0.0003120402
-58.4000000000,0.0003620465,0.0003811016,0.0004001567,0.0003118895
-58.3000000000,0.0003619017,0.0003809492,0.0003999967,0.0003117388
-58.2000000000,0.0003617570,0.0003807968,0.0003998366,0.0003115881
-58.1000000000,0.0003616122,0.0003806444,0.0003996766,0.0003114373
-58.0000000000,0.0003614674,0.0003804920,0.0003995166,0.0003112866
-57.9000000000,0.0003613226,0.0003803396,0.0003993566,0.0003111359
-57.8000000000,0.0003611778,0.0003801872,0.0003991966,0.0003109851
-57.7000000000,0.0003610331,0.0003800348,0.0003990365,0.0003108344
-57.6000000000,0.0003608883,0.0003798824,0.0003988765,0.0003106837
-57.5000000000,0.0003607435,0.0003797300,0.0003987165,0.0003107530
-57.4000000000,0.0003605987,0.0003795776,0.0003985565,0.0003106020
-57.3000000000,0.0003604539,0.0003794252,0.0003983965,0.0003104510
-57.2000000000,0.0003603092,0.0003792728,0.0003982364,0.0003103000
-57.1000000000,0.0003601644,0.0003791204,0.0003980764,0.0003101490
-57.0000000000,0.0003600196,0.0003789680,0.0003979164,0.0003099979
-56.9000000000,0.0003598748,0.0003788156,0.0003977564,0.0003098469
-56.8000000000,0.0003597300,0.0003786632,0.0003975964,0.0003096959
-56.7000000000,0.0003595853,0.0003785108,0.0003974363,0.0003095449
-56.6000000000,0.0003594405,0.0003783584,0.0003972763,0.0003093938
-56.5000000000,0.0003592957,0.0003782060,0.0003971163,0.0003092428
-56.4000000000,0.0003591509,0.0003780536,0.0003969563,0.0003090918
-56.3000000000,0.0003590061,0.0003779012,0.0003967963,0.0003089408
-56.2000000000,0.0003588614,0.0003777488,0.0003966362,0.0003087897
-56.1000000000,0.0003587166,0.0003775964,0.0003964762,0.0003086387
-56.0000000000,0.0003585718,0.0003774440,0.0003963162,0.0003084876
-55.9000000000,0.0003584270,0.0003772916,0.0003961562,0.0003083366
-55.8000000000,0.0003582822,0.0003771392,0.0003959962,0.0003081855
-55.7000000000,0.0003581375,0.0003769868,0.0003958361,0.0003080345
-55.6000000000,0.0003579927,0.0003768344,0.0003956761,0.0003078834
-55.5000000000,0.0003578479,0.0003766820,0.0003955161,0.0003077324
-55.4000000000,0.0003577031,0.0003765296,0.0003953561,0.0003075813
-55.3000000000,0.0003575583,0.0003763772,0.0003951961,0.0003074303
-55.2000000000,0.0003574136,0.0003762248,0.0003950360,0.0003072792
-55.1000000000,0.0003572688,0.0003760724,0.0003948760,0.0003071281
-55.0000000000,0.0003571240,0.0003759200,0.0003947160,0.0003069771
-54.9000000000,0.0003569792,0.0003757676,0.0003945560,0.0003068260
-54.8000000000,0.0003568344,0.0003756152,0.0003943960,0.0003066749
-54.7000000000,0.0003566897,0.0003754628,0.0003942359,0.0003065238
-54.6000000000,0.0003565449,0.0003753104,0.0003940759,0.0003063728
-54.5000000000,0.0003564001,0.0003751580,0.0003939159,0.0003062217
-54.4000000000,0.0003562553,0.0003750056,0.0003937559,0.0003060706
-54.3000000000,0.0003561105,0.0003748532,0.0003935959,0.0003059195
-54.2000000000,0.0003559658,0.0003747008,0.0003934358,0.0003057684
-54.1000000000,0.0003558210,0.0003745484,0.0003932758,0.0003056173
-54.0000000000,0.0003556762,0.0003743960,0.0003931158,0.0003054662
-53.9000000000,0.0003555314,0.0003742436,0.0003929558,0.0003053151
-53.8000000000,0.0003553866,0.0003740912,0.0003927958,0.0003051640
-53.7000000000,0.0003552419,0.0003739388,0.0003926357,0.0003050129
-53.6000000000,0.0003550971,0.0003737864,0.0003924757,0.0003048618
-53.5000000000,0.0003549523,0.0003736340,0.0003923157,0.0003047107
-53.4000000000,0.0003548075,0.0003734816,0.0003921557,0.0003045596
-53.3000000000,0.0003546627,0.0003733292,0.0003919957,0.0003044085
-53.2000000000,0.0003545180,0.0003731768,0.0003918356,0.0003042574
-53.1000000000,0.0003543732,0.0003730244,0.0003916756,0.0003041062
-53.0000000000,0.0003542284,0.0003728720,0.0003915156,0.0003039551
-52.9000000000,0.0003540836,0.0003727196,0.0003913556,0.0003038040
-52.8000000000,0.0003539388,0.0003725672,0.0003911956,0.0003036529
-52.7000000000,0.0003537941,0.0003724148,0.0003910355,0.0003035017
-52.6000000000,0.0003536493,0.0003722624,0.0003908755,0.0003033506
-52.5000000000,0.0003535045,0.0003721100,0.0003907155,0.0003034063
-52.4000000000,0.0003533597,0.0003719576,0.0003905555,0.0003032549
-52.3000000000,0.0003532149,0.0003718052,0.0003903955,0.0003031035
-52.2000000000,0.0003530702,0.0003716528,0.0003902354,0.0003029521
-52.1000000000,0.0003529254,0.0003715004,0.0003900754,0.0003028007
-52.0000000000,0.0003527806,0.0003713480,0.0003899154,0.0003026493
-51.9000000000,0.0003526358,0.0003711956,0.0003897554,0.0003024979
-51.8000000000,0.0003524910,0.0003710432,0.0003895954,0.0003023465
-51.7000000000,0.0003523463,0.0003708908,0.0003894353,0.0003021950
-51.6000000000,0.0003522015,0.0003707384,0.0003892753,0.0003020436
-51.5000000000,0.0003520567,0.0003705860,0.0003891153,0.0003018922
-51.4000000000,0.0003519119,0.0003704336,0.0003889553,0.0003017407
-51.3000000000,0.0003517671,0.0003702812,0.0003887953,0.0003015893
-51.2000000000,0.0003516224,0.0003701288,0.0003886352,0.0003014379
-51.1000000000,0.0003514776,0.0003699764,0.0003884752,0.0003012864
-51.0000000000,0.0003513328,0.0003698240,0.0003883152,0.0003011350
-50.9000000000,0.0003511880,0.0003696716,0.0003881552,0.0003009835
-50.8000000000,0.0003510432,0.0003695192,0.0003879952,0.0003008321
-50.7000000000,0.0003508985,0.0003693668,0.0003878351,0.0003006806
-50.6000000000,0.0003507537,0.0003692144,0.0003876751,0.0003005292
-50.5000000000,0.0003506089,0.0003690620,0.0003875151,0.0003003777
-50.4000000000,0.0003504641,0.0003689096,0.0003873551,0.0003002263
-50.3000000000,0.0003503193,0.0003687572,0.0003871951,0.0003000748
-50.2000000000,0.0003501746,0.0003686048,0.0003870350,0.0002999233
-50.1000000000,0.0003500298,0.0003684524,0.0003868750,0.0002997719
-50.0000000000,0.0003498850,0.0003683000,0.0003867150,0.0002996204
-49.9000000000,0.0003497402,0.0003681476,0.0003865550,0.0002994689
-49.8000000000,0.0003495954,0.0003679952,0.0003863950,0.0002993174
-49.7000000000,0.0003494507,0.0003678428,0.0003862349,0.0002991659
-49.6000000000,0.0003493059,0.0003676904,0.0003860749,0.0002990145
-49.5000000000,0.0003491611,0.0003675380,0.0003859149,0.0002988630
-49.4000000000,0.0003490163,0.0003673856,0.0003857549,0.0002987115
-49.3000000000,0.0003488715,0.0003672332,0.0003855949,0.0002985600
-49.2000000000,0.0003487268,0.0003670808,0.0003854348,0.0002984085
-49.1000000000,0.0003485820,0.0003669284,0.0003852748,0.0002982570
-49.0000000000,0.0003484372,0.0003667760,0.0003851148,0.0002981055
-48.9000000000,0.0003482924,0.0003666236,0.0003849548,0.0002979540
-48.8000000000,0.0003481476,0.0003664712,0.0003847948,0.0002978025
-48.7000000000,0.0003480029,0.0003663188,0.0003846347,0.0002976510
-48.6000000000,0.0003478581,0.0003661664,0.0003844747,0.0002974994
-48.5000000000,0.0003477133,0.0003660140,0.0003843147,0.0002973479
-48.4000000000,0.0003475685,0.0003658616,0.0003841547,0.0002971964
-48.3000000000,0.0003474237,0.0003657092,0.0003839947,0.0002970449
-48.2000000000,0.0003472790,0.0003655568,0.0003838346,0.0002968934
-48.1000000000,0.0003471342,0.0003654044,0.0003836746,0.0002967418
-48.0000000000,0.0003469894,0.0003652520,0.0003835146,0.0002965903
-47.9000000000,0.0003468446,0.0003650996,0.0003833546,0.0002964388
-47.8000000000,0.0003466998,0.0003649472,0.0003831946,0.0002962872
-47.7000000000,0.0003465551,0.0003647948,0.0003830345,0.0002961357
-47.6000000000,0.0003464103,0.0003646424,0.0003828745,0.0002959841
-47.5000000000,0.0003462655,0.0003644900,0.0003827145,0.0002960263
-47.4000000000,0.0003461207,0.0003643376,0.0003825545,0.0002958745
-47.3000000000,0.0003459759,0.0003641852,0.0003823945,0.0002957227
-47.2000000000,0.0003458312,0.0003640328,0.0003822344,0.0002955709
-47.1000000000,0.0003456864,0.0003638804,0.0003820744,0.0002954190
-47.0000000000,0.0003455416,0.0003637280,0.0003819144,0.0002952672
-46.9000000000,0.0003453968,0.0003635756,0.0003817544,0.0002951154
-46.8000000000,0.0003452520,0.0003634232,0.0003815944,0.0002949635
-46.7000000000,0.0003451073,0.0003632708,0.0003814343,0.0002948117
-46.6000000000,0.0003449625,0.0003631184,0.0003812743,0.0002946599
-46.5000000000,0.0003448177,0.0003629660,0.0003811143,0.0002945080
-46.4000000000,0.0003446729,0.0003628136,0.0003809543,0.0002943562
-46.3000000000,0.0003445281,0.0003626612,0.0003807943,0.0002942043
-46.2000000000,0.0003443834,0.0003625088,0.0003806342,0.0002940525
-46.1000000000,0.0003442386,0.0003623564,0.0003804742,0.0002939006
-46.0000000000,0.0003440938,0.0003622040,0.0003803142,0.0002937488
-45.9000000000,0.0003439490,0.0003620516,0.0003801542,0.0002935969
-45.8000000000,0.0003438042,0.0003618992,0.0003799942,0.0002934450
-45.7000000000,0.0003436595,0.0003617468,0.0003798341,0.0002932932
-45.6000000000,0.0003435147,0.0003615944,0.0003796741,0.0002931413
-45.5000000000,0.0003433699,0.0003614420,0.0003795141,0.0002929894
-45.4000000000,0.0003432251,0.0003612896,0.0003793541,0.0002928375
-45.3000000000,0.0003430803,0.0003611372,0.0003791941,0.0002926857
-45.2000000000,0.0003429356,0.0003609848,0.0003790340,0.0002925338
-45.1000000000,0.0003427908,0.0003608324,0.0003788740,0.0002923819
-45.0000000000,0.0003426460,0.0003606800,0.0003787140,0.0002922300
-44.9000000000,0.0003425012,0.0003605276,0.0003785540,0.0002920781
-44.8000000000,0.0003423564,0.0003603752,0.0003783940,0.0002919262
-44.7000000000,0.0003422117,0.0003602228,0.0003782339,0.0002917743
-44.6000000000,0.0003420669,0.0003600704,0.0003780739,0.0002916224
-44.5000000000,0.0003419221,0.0003599180,0.0003779139,0.0002914705
-44.4000000000,0.0003417773,0.0003597656,0.0003777539,0.0002913186
-44.3000000000,0.0003416325,0.0003596132,0.0003775939,0.0002911667
-44.2000000000,0.0003414878,0.0003594608,0.0003774338,0.0002910148
-44.1000000000,0.0003413430,0.0003593084,0.0003772738,0.0002908629
-44.0000000000,0.0003411982,0.0003591560,0.0003771138,0.0002907109
-43.9000000000,0.0003410534,0.0003590036,0.0003769538,0.0002905590
-43.8000000000,0.0003409086,0.0003588512,0.0003767938,0.0002904071
-43.7000000000,0.0003407639,0.0003586988,0.0003766337,0.0002902552
-43.6000000000,0.0003406191,0.0003585464,0.0003764737,0.0002901032
-43.5000000000,0.0003404743,0.0003583940,0.0003763137,0.0002899513
-43.4000000000,0.0003403295,0.0003582416,0.0003761537,0.0002897993
-43.3000000000,0.0003401847,0.0003580892,0.0003759937,0.0002896474
-43.2000000000,0.0003400400,0.0003579368,0.0003758336,0.0002894955
-43.1000000000,0.0003398952,0.0003577844,0.0003756736,0.0002893435
-43.0000000000,0.0003397504,0.0003576320,0.0003755136,0.0002891915
-42.9000000000,0.0003396056,0.0003574796,0.0003753536,0.0002890396
-42.8000000000,0.0003394608,0.0003573272,0.0003751936,0.0002888876
-42.7000000000,0.0003393161,0.0003571748,0.0003750335,0.0002887357
-42.6000000000,0.0003391713,0.0003570224,0.0003748735,0.0002885837
-42.5000000000,0.0003390265,0.0003568700,0.0003747135,0.0002886123
-42.4000000000,0.0003388817,0.0003567176,0.0003745535,0.0002884600
-42.3000000000,0.0003387369,0.0003565652,0.0003743935,0.0002883078
-42.2000000000,0.0003385922,0.0003564128,0.0003742334,0.0002881556
-42.1000000000,0.0003384474,0.0003562604,0.0003740734,0.0002880033
-42.0000000000,0.0003383026,0.0003561080,0.0003739134,0.0002878511
-41.9000000000,0.0003381578,0.0003559556,0.0003737534,0.0002876988
-41.8000000000,0.0003380130,0.0003558032,0.0003735934,0.0002875465
-41.7000000000,0.0003378683,0.0003556508,0.0003734333,0.0002873943
-41.6000000000,0.0003377235,0.0003554984,0.0003732733,0.0002872420
-41.5000000000,0.0003375787,0.0003553460,0.0003731133,0.0002870898
-41.4000000000,0.0003374339,0.0003551936,0.0003729533,0.0002869375
-41.3000000000,0.0003372891,0.0003550412,0.0003727933,0.0002867852
-41.2000000000,0.0003371444,0.0003548888,0.0003726332,0.0002866329
-41.1000000000,0.0003369996,0.0003547364,0.0003724732,0.0002864807
-41.0000000000,0.0003368548,0.0003545840,0.0003723132,0.0002863284
-40.9000000000,0.0003367100,0.0003544316,0.0003721532,0.0002861761
-40.8000000000,0.0003365652,0.0003542792,0.0003719932,0.0002860238
-40.7000000000,0.0003364205,0.0003541268,0.0003718331,0.0002858715
-40.6000000000,0.0003362757,0.0003539744,0.0003716731,0.0002857192
-40.5000000000,0.0003361309,0.0003538220,0.0003715131,0.0002855669
-40.4000000000,0.0003359861,0.0003536696,0.0003713531,0.0002854146
-40.3000000000,0.0003358413,0.0003535172,0.0003711931,0.0002852623
-40.2000000000,0.0003356966,0.0003533648,0.0003710330,0.0002851100
-40.1000000000,0.0003355518,0.0003532124,0.0003708730,0.0002849577
-40.0000000000,0.0003354070,0.0003530600,0.0003707130,0.0002848053
-39.9000000000,0.0003352622,0.0003529076,0.0003705530,0.0002846530
-39.8000000000,0.0003351174,0.0003527552,0.0003703930,0.0002845007
-39.7000000000,0.0003349727,0.0003526028,0.0003702329,0.0002843484
-39.6000000000,0.0003348279,0.0003524504,0.0003700729,0.0002841960
-39.5000000000,0.0003346831,0.0003522980,0.0003699129,0.0002840437
-39.4000000000,0.0003345383,0.0003521456,0.0003697529,0.0002838914
-39.3000000000,0.0003343935,0.0003519932,0.0003695929,0.0002837390
-39.2000000000,0.0003342488,0.0003518408,0.0003694328,0.0002835867
-39.1000000000,0.0003341040,0.0003516884,0.0003692728,0.0002834343
-39.0000000000,0.0003339592,0.0003515360,0.0003691128,0.0002832820
-38.9000000000,0.0003338144,0.0003513836,0.0003689528,0.0002831296
-38.8000000000,0.0003336696,0.0003512312,0.0003687928,0.0002829772
-38.7000000000,0.0003335249,0.0003510788,0.0003686327,0.0002828249
-38.6000000000,0.0003333801,0.0003509264,0.0003684727,0.0002826725
-38.5000000000,0.0003332353,0.0003507740,0.0003683127,0.0002825201
-38.4000000000,0.0003330905,0.0003506216,0.0003681527,0.0002823678
-38.3000000000,0.0003329457,0.0003504692,0.0003679927,0.0002822154
-38.2000000000,0.0003328010,0.0003503168,0.0003678326,0.0002820630
-38.1000000000,0.0003326562,0.0003501644,0.0003676726,0.0002819106
-38.0000000000,0.0003325114,0.0003500120,0.0003675126,0.0002817582
-37.9000000000,0.0003323666,0.0003498596,0.0003673526,0.0002816058
-37.8000000000,0.0003322218,0.0003497072,0.0003671926,0.0002814534
-37.7000000000,0.0003320771,0.0003495548,0.0003670325,0.0002813010
-37.6000000000,0.0003319323,0.0003494024,0.0003668725,0.0002811486
-37.5000000000,0.0003317875,0.0003492500,0.0003667125,0.0002810799
-37.4000000000,0.0003316427,0.0003490976,0.0003665525,0.0002809274
-37.3000000000,0.0003314979,0.0003489452,0.0003663925,0.0002807748
-37.2000000000,0.0003313532,0.0003487928,0.0003662324,0.0002806223
-37.1000000000,0.0003312084,0.0003486404,0.0003660724,0.0002804697
-37.0000000000,0.0003310636,0.0003484880,0.0003659124,0.0002803172
-36.9000000000,0.0003309188,0.0003483356,0.0003657524,0.0002801646
-36.8000000000,0.0003307740,0.0003481832,0.0003655924,0.0002800121
-36.7000000000,0.0003306293,0.0003480308,0.0003654323,0.0002798595
-36.6000000000,0.0003304845,0.0003478784,0.0003652723,0.0002797069
-36.5000000000,0.0003303397,0.0003477260,0.0003651123,0.0002795543
-36.4000000000,0.0003301949,0.0003475736,0.0003649523,0.0002794018
-36.3000000000,0.0003300501,0.0003474212,0.0003647923,0.0002792492
-36.2000000000,0.0003299054,0.0003472688,0.0003646322,0.0002790966
-36.1000000000,0.0003297606,0.0003471164,0.0003644722,0.0002789440
-36.0000000000,0.0003296158,0.0003469640,0.0003643122,0.0002787914
-35.9000000000,0.0003294710,0.0003468116,0.0003641522,0.0002786388
-35.8000000000,0.0003293262,0.0003466592,0.0003639922,0.0002784862
-35.7000000000,0.0003291815,0.0003465068,0.0003638321,0.0002783336
-35.6000000000,0.0003290367,0.0003463544,0.0003636721,0.0002781810
-35.5000000000,0.0003288919,0.0003462020,0.0003635121,0.0002780284
-35.4000000000,0.0003287471,0.0003460496,0.0003633521,0.0002778758
-35.3000000000,0.0003286023,0.0003458972,0.0003631921,0.0002777232
-35.2000000000,0.0003284576,0.0003457448,0.0003630320,0.0002775705
-35.1000000000,0.0003283128,0.0003455924,0.0003628720,0.0002774179
-35.0000000000,0.0003281680,0.0003454400,0.0003627120,0.0002772653
-34.9000000000,0.0003280232,0.0003452876,0.0003625520,0.0002771126
-34.8000000000,0.0003278784,0.0003451352,0.0003623920,0.0002769600
-34.7000000000,0.0003277337,0.0003449828,0.0003622319,0.0002768074
-34.6000000000,0.0003275889,0.0003448304,0.0003620719,0.0002766547
-34.5000000000,0.0003274441,0.0003446780,0.0003619119,0.0002765021
-34.4000000000,0.0003272993,0.0003445256,0.0003617519,0.0002763494
-34.3000000000,0.0003271545,0.0003443732,0.0003615919,0.0002761968
-34.2000000000,0.0003270098,0.0003442208,0.0003614318,0.0002760441
-34.1000000000,0.0003268650,0.0003440684,0.0003612718,0.0002758914
-34.0000000000,0.0003267202,0.0003439160,0.0003611118,0.0002757388
-33.9000000000,0.0003265754,0.0003437636,0.0003609518,0.0002755861
-33.8000000000,0.0003264306,0.0003436112,0.0003607918,0.0002754334
-33.7000000000,0.0003262859,0.0003434588,0.0003606317,0.0002752808
-33.6000000000,0.0003261411,0.0003433064,0.0003604717,0.0002751281
-33.5000000000,0.0003259963,0.0003431540,0.0003603117,0.0002749754
-33.4000000000,0.0003258515,0.0003430016,0.0003601517,0.0002748227
-33.3000000000,0.0003257067,0.0003428492,0.0003599917,0.0002746700
-33.2000000000,0.0003255620,0.0003426968,0.0003598316,0.0002745173
-33.1000000000,0.0003254172,0.0003425444,0.0003596716,0.0002743646
-33.0000000000,0.0003252724,0.0003423920,0.0003595116,0.0002742119
-32.9000000000,0.0003251276,0.0003422396,0.0003593516,0.0002740592
-32.8000000000,0.0003249828,0.0003420872,0.0003591916,0.0002739065
-32.7000000000,0.0003248381,0.0003419348,0.0003590315,0.0002737537
-32.6000000000,0.0003246933,0.0003417824,0.0003588715,0.0002736010
-32.5000000000,0.0003245485,0.0003416300,0.0003587115,0.0002735254
-32.4000000000,0.0003244037,0.0003414776,0.0003585515,0.0002733725
-32.3000000000,0.0003242589,0.0003413252,0.0003583915,0.0002732197
-32.2000000000,0.0003241142,0.0003411728,0.0003582314,0.0002730668
-32.1000000000,0.0003239694,0.0003410204,0.0003580714,0.0002729139
-32.0000000000,0.0003238246,0.0003408680,0.0003579114,0.0002727610
-31.9000000000,0.0003236798,0.0003407156,0.0003577514,0.0002726082
-31.8000000000,0.0003235350,0.0003405632,0.0003575914,0.0002724553
-31.7000000000,0.0003233903,0.0003404108,0.0003574313,0.0002723024
-31.6000000000,0.0003232455,0.0003402584,0.0003572713,0.0002721495
-31.5000000000,0.0003231007,0.0003401060,0.0003571113,0.0002719966
-31.4000000000,0.0003229559,0.0003399536,0.0003569513,0.0002718437
-31.3000000000,0.0003228111,0.0003398012,0.0003567913,0.0002716908
-31.2000000000,0.0003226664,0.0003396488,0.0003566312,0.0002715379
-31.1000000000,0.0003225216,0.0003394964,0.0003564712,0.0002713850
-31.0000000000,0.0003223768,0.0003393440,0.0003563112,0.0002712321
-30.9000000000,0.0003222320,0.0003391916,0.0003561512,0.0002710791
-30.8000000000,0.0003220872,0.0003390392,0.0003559912,0.0002709262
-30.7000000000,0.0003219425,0.0003388868,0.0003558311,0.0002707733
-30.6000000000,0.0003217977,0.0003387344,0.0003556711,0.0002706203
-30.5000000000,0.0003216529,0.0003385820,0.0003555111,0.0002704674
-30.4000000000,0.0003215081,0.0003384296,0.0003553511,0.0002703145
-30.3000000000,0.0003213633,0.0003382772,0.0003551911,0.0002701615
-30.2000000000,0.0003212186,0.0003381248,0.0003550310,0.0002700086
-30.1000000000,0.0003210738,0.0003379724,0.0003548710,0.0002698556
-30.0000000000,0.0003209290,0.0003378200,0.0003547110,0.0002697027
-29.9000000000,0.0003207842,0.0003376676,0.0003545510,0.0002695497
-29.8000000000,0.0003206394,0.0003375152,0.0003543910,0.0002693967
-29.7000000000,0.0003204947,0.0003373628,0.0003542309,0.0002692438
-29.6000000000,0.0003203499,0.0003372104,0.0003540709,0.0002690908
-29.5000000000,0.0003202051,0.0003370580,0.0003539109,0.0002689378
-29.4000000000,0.0003200603,0.0003369056,0.0003537509,0.0002687848
-29.3000000000,0.0003199155,0.0003367532,0.0003535909,0.0002686318
-29.2000000000,0.0003197708,0.0003366008,0.0003534308,0.0002684789
-29.1000000000,0.0003196260,0.0003364484,0.0003532708,0.0002683259
-29.0000000000,0.0003194812,0.0003362960,0.0003531108,0.0002681729
-28.9000000000,0.0003193364,0.0003361436,0.0003529508,0.0002680199
-28.8000000000,0.0003191916,0.0003359912,0.0003527908,0.0002678669
-28.7000000000,0.0003190469,0.0003358388,0.0003526307,0.0002677138
-28.6000000000,0.0003189021,0.0003356864,0.0003524707,0.0002675608
-28.5000000000,0.0003187573,0.0003355340,0.0003523107,0.0002674078
-28.4000000000,0.0003186125,0.0003353816,0.0003521507,0.0002672548
-28.3000000000,0.0003184677,0.0003352292,0.0003519907,0.0002671018
-28.2000000000,0.0003183230,0.0003350768,0.0003518306,0.0002669487
-28.1000000000,0.0003181782,0.0003349244,0.0003516706,0.0002667957
-28.0000000000,0.0003180334,0.0003347720,0.0003515106,0.0002666427
-27.9000000000,0.0003178886,0.0003346196,0.0003513506,0.0002664896
-27.8000000000,0.0003177438,0.0003344672,0.0003511906,0.0002663366
-27.7000000000,0.0003175991,0.0003343148,0.0003510305,0.0002661835
-27.6000000000,0.0003174543,0.0003341624,0.0003508705,0.0002660305
-27.5000000000,0.0003173095,0.0003340100,0.0003507105,0.0002659479
-27.4000000000,0.0003171647,0.0003338576,0.0003505505,0.0002657947
-27.3000000000,0.0003170199,0.0003337052,0.0003503905,0.0002656415
-27.2000000000,0.0003168752,0.0003335528,0.0003502304,0.0002654883
-27.1000000000,0.0003167304,0.0003334004,0.0003500704,0.0002653351
-27.0000000000,0.0003165856,0.0003332480,0.0003499104,0.0002651818
-26.9000000000,0.0003164408,0.0003330956,0.0003497504,0.0002650286
-26.8000000000,0.0003162960,0.0003329432,0.0003495904,0.0002648754
-26.7000000000,0.0003161513,0.0003327908,0.0003494303,0.0002647222
-26.6000000000,0.0003160065,0.0003326384,0.0003492703,0.0002645689
-26.5000000000,0.0003158617,0.0003324860,0.0003491103,0.0002644157
-26.4000000000,0.0003157169,0.0003323336,0.0003489503,0.0002642625
-26.3000000000,0.0003155721,0.0003321812,0.0003487903,0.0002641092
-26.2000000000,0.0003154274,0.0003320288,0.0003486302,0.0002639560
-26.1000000000,0.0003152826,0.0003318764,0.0003484702,0.0002638027
-26.0000000000,0.0003151378,0.0003317240,0.0003483102,0.0002636495
-25.9000000000,0.0003149930,0.0003315716,0.0003481502,0.0002634962
-25.8000000000,0.0003148482,0.0003314192,0.0003479902,0.0002633429
-25.7000000000,0.0003147035,0.0003312668,0.0003478301,0.0002631897
-25.6000000000,0.0003145587,0.0003311144,0.0003476701,0.0002630364
-25.5000000000,0.0003144139,0.0003309620,0.0003475101,0.0002628831
-25.4000000000,0.0003142691,0.0003308096,0.0003473501,0.0002627298
-25.3000000000,0.0003141243,0.0003306572,0.0003471901,0.0002625765
-25.2000000000,0.0003139796,0.0003305048,0.0003470300,0.0002624232
-25.1000000000,0.0003138348,0.0003303524,0.0003468700,0.0002622699
-25.0000000000,0.0003136900,0.0003302000,0.0003467100,0.0002621166
-24.9000000000,0.0003135452,0.0003300476,0.0003465500,0.0002619633
-24.8000000000,0.0003134004,0.0003298952,0.0003463900,0.0002618100
-24.7000000000,0.0003132557,0.0003297428,0.0003462299,0.0002616567
-24.6000000000,0.0003131109,0.0003295904,0.0003460699,0.0002615034
-24.5000000000,0.0003129661,0.0003294380,0.0003459099,0.0002613501
-24.4000000000,0.0003128213,0.0003292856,0.0003457499,0.0002611967
-24.3000000000,0.0003126765,0.0003291332,0.0003455899,0.0002610434
-24.2000000000,0.0003125318,0.0003289808,0.0003454298,0.0002608901
-24.1000000000,0.0003123870,0.0003288284,0.0003452698,0.0002607367
-24.0000000000,0.0003122422,0.0003286760,0.0003451098,0.0002605834
-23.9000000000,0.0003120974,0.0003285236,0.0003449498,0.0002604300
-23.8000000000,0.0003119526,0.0003283712,0.0003447898,0.0002602767
-23.7000000000,0.0003118079,0.0003282188,0.0003446297,0.0002601233
-23.6000000000,0.0003116631,0.0003280664,0.0003444697,0.0002599699
-23.5000000000,0.0003115183,0.0003279140,0.0003443097,0.0002598166
-23.4000000000,0.0003113735,0.0003277616,0.0003441497,0.0002596632
-23.3000000000,0.0003112287,0.0003276092,0.0003439897,0.0002595098
-23.2000000000,0.0003110840,0.0003274568,0.0003438296,0.0002593564
-23.1000000000,0.0003109392,0.0003273044,0.0003436696,0.0002592030
-23.0000000000,0.0003107944,0.0003271520,0.0003435096,0.0002590496
-22.9000000000,0.0003106496,0.0003269996,0.0003433496,0.0002588963
-22.8000000000,0.0003105048,0.0003268472,0.0003431896,0.0002587428
-22.7000000000,0.0003103601,0.0003266948,0.0003430295,0.0002585894
-22.6000000000,0.0003102153,0.0003265424,0.0003428695,0.0002584360
-22.5000000000,0.0003100705,0.0003263900,0.0003427095,0.0002583465
-22.4000000000,0.0003099257,0.0003262376,0.0003425495,0.0002581929
-22.3000000000,0.0003097809,0.0003260852,0.0003423895,0.0002580394
-22.2000000000,0.0003096362,0.0003259328,0.0003422294,0.0002578858
-22.1000000000,0.0003094914,0.0003257804,0.0003420694,0.0002577322
-22.0000000000,0.0003093466,0.0003256280,0.0003419094,0.0002575787
-21.9000000000,0.0003092018,0.0003254756,0.0003417494,0.0002574251
-21.8000000000,0.0003090570,0.0003253232,0.0003415894,0.0002572715
-21.7000000000,0.0003089123,0.0003251708,0.0003414293,0.0002571179
-21.6000000000,0.0003087675,0.0003250184,0.0003412693,0.0002569643
-21.5000000000,0.0003086227,0.0003248660,0.0003411093,0.0002568107
-21.4000000000,0.0003084779,0.0003247136,0.0003409493,0.0002566571
-21.3000000000,0.0003083331,0.0003245612,0.0003407893,0.0002565035
-21.2000000000,0.0003081884,0.0003244088,0.0003406292,0.0002563499
-21.1000000000,0.0003080436,0.0003242564,0.0003404692,0.0002561963
-21.0000000000,0.0003078988,0.0003241040,0.0003403092,0.0002560427
-20.9000000000,0.0003077540,0.0003239516,0.0003401492,0.0002558891
-20.8000000000,0.0003076092,0.0003237992,0.0003399892,0.0002557354
-20.7000000000,0.0003074645,0.0003236468,0.0003398291,0.0002555818
-20.6000000000,0.0003073197,0.0003234944,0.0003396691,0.0002554282
-20.5000000000,0.0003071749,0.0003233420,0.0003395091,0.0002552745
-20.4000000000,0.0003070301,0.0003231896,0.0003393491,0.0002551209
-20.3000000000,0.0003068853,0.0003230372,0.0003391891,0.0002549672
-20.2000000000,0.0003067406,0.0003228848,0.0003390290,0.0002548136
-20.1000000000,0.0003065958,0.0003227324,0.0003388690,0.0002546599
-20.0000000000,0.0003064510,0.0003225800,0.0003387090,0.0002545062
-19.9000000000,0.0003063062,0.0003224276,0.0003385490,0.0002543526
-19.8000000000,0.0003061614,0.0003222752,0.0003383890,0.0002541989
-19.7000000000,0.0003060167,0.0003221228,0.0003382289,0.0002540452
-19.6000000000,0.0003058719,0.0003219704,0.0003380689,0.0002538915
-19.5000000000,0.0003057271,0.0003218180,0.0003379089,0.0002537378
-19.4000000000,0.0003055823,0.0003216656,0.0003377489,0.0002535841
-19.3000000000,0.0003054375,0.0003215132,0.0003375889,0.0002534304
-19.2000000000,0.0003052928,0.0003213608,0.0003374288,0.0002532767
-19.1000000000,0.0003051480,0.0003212084,0.0003372688,0.0002531230
-19.0000000000,0.0003050032,0.0003210560,0.0003371088,0.0002529693
-18.9000000000,0.0003048584,0.0003209036,0.0003369488,0.0002528156
-18.8000000000,0.0003047136,0.0003207512,0.0003367888,0.0002526619
-18.7000000000,0.0003045689,0.0003205988,0.0003366287,0.0002525081
-18.6000000000,0.0003044241,0.0003204464,0.0003364687,0.0002523544
-18.5000000000,0.0003042793,0.0003202940,0.0003363087,0.0002522006
-18.4000000000,0.0003041345,0.0003201416,0.0003361487,0.0002520469
-18.3000000000,0.0003039897,0.0003199892,0.0003359887,0.0002518932
-18.2000000000,0.0003038450,0.0003198368,0.0003358286,0.0002517394
-18.1000000000,0.0003037002,0.0003196844,0.0003356686,0.0002515856
-18.0000000000,0.0003035554,0.0003195320,0.0003355086,0.0002514319
-17.9000000000,0.0003034106,0.0003193796,0.0003353486,0.0002512781
-17.8000000000,0.0003032658,0.0003192272,0.0003351886,0.0002511243
-17.7000000000,0.0003031211,0.0003190748,0.0003350285,0.0002509705
-17.6000000000,0.0003029763,0.0003189224,0.0003348685,0.0002508168
-17.5000000000,0.0003028315,0.0003187700,0.0003347085,0.0002507202
-17.4000000000,0.0003026867,0.0003186176,0.0003345485,0.0002505663
-17.3000000000,0.0003025419,0.0003184652,0.0003343885,0.0002504123
-17.2000000000,0.0003023972,0.0003183128,0.0003342284,0.0002502584
-17.1000000000,0.0003022524,0.0003181604,0.0003340684,0.0002501044
-17.0000000000,0.0003021076,0.0003180080,0.0003339084,0.0002499505
-16.9000000000,0.0003019628,0.0003178556,0.0003337484,0.0002497965
-16.8000000000,0.0003018180,0.0003177032,0.0003335884,0.0002496426
-16.7000000000,0.0003016733,0.0003175508,0.0003334283,0.0002494886
-16.6000000000,0.0003015285,0.0003173984,0.0003332683,0.0002493346
-16.5000000000,0.0003013837,0.0003172460,0.0003331083,0.0002491807
-16.4000000000,0.0003012389,0.0003170936,0.0003329483,0.0002490267
-16.3000000000,0.0003010941,0.0003169412,0.0003327883,0.0002488727
-16.2000000000,0.0003009494,0.0003167888,0.0003326282,0.0002487187
-16.1000000000,0.0003008046,0.0003166364,0.0003324682,0.0002485647
-16.0000000000,0.0003006598,0.0003164840,0.0003323082,0.0002484107
-15.9000000000,0.0003005150,0.0003163316,0.0003321482,0.0002482567
-15.8000000000,0.0003003702,0.0003161792,0.0003319882,0.0002481027
-15.7000000000,0.0003002255,0.0003160268,0.0003318281,0.0002479487
-15.6000000000,0.0003000807,0.0003158744,0.0003316681,0.0002477947
-15.5000000000,0.0002999359,0.0003157220,0.0003315081,0.0002476406
-15.4000000000,0.0002997911,0.0003155696,0.0003313481,0.0002474866
-15.3000000000,0.0002996463,0.0003154172,0.0003311881,0.0002473326
-15.2000000000,0.0002995016,0.0003152648,0.0003310280,0.0002471785
-15.1000000000,0.0002993568,0.0003151124,0.0003308680,0.0002470245
-15.0000000000,0.0002992120,0.0003149600,0.0003307080,0.0002468704
-14.9000000000,0.0002990672,0.0003148076,0.0003305480,0.0002467163
-14.8000000000,0.0002989224,0.0003146552,0.0003303880,0.0002465623
-14.7000000000,0.0002987777,0.0003145028,0.0003302279,0.0002464082
-14.6000000000,0.0002986329,0.0003143504,0.0003300679,0.0002462541
-14.5000000000,0.0002984881,0.0003141980,0.0003299079,0.0002461001
-14.4000000000,0.0002983433,0.0003140456,0.0003297479,0.0002459460
-14.3000000000,0.0002981985,0.0003138932,0.0003295879,0.0002457919
-14.2000000000,0.0002980538,0.0003137408,0.0003294278,0.0002456378
-14.1000000000,0.0002979090,0.0003135884,0.0003292678,0.0002454837
-14.0000000000,0.0002977642,0.0003134360,0.0003291078,0.0002453296
-13.9000000000,0.0002976194,0.0003132836,0.0003289478,0.0002451755
-13.8000000000,0.0002974746,0.0003131312,0.0003287878,0.0002450213
-13.7000000000,0.0002973299,0.0003129788,0.0003286277,0.0002448672
-13.6000000000,0.0002971851,0.0003128264,0.0003284677,0.0002447131
-13.5000000000,0.0002970403,0.0003126740,0.0003283077,0.0002445590
-13.4000000000,0.0002968955,0.0003125216,0.0003281477,0.0002444048
-13.3000000000,0.0002967507,0.0003123692,0.0003279877,0.0002442507
-13.2000000000,0.0002966060,0.0003122168,0.0003278276,0.0002440965
-13.1000000000,0.0002964612,0.0003120644,0.0003276676,0.0002439424
-13.0000000000,0.0002963164,0.0003119120,0.0003275076,0.0002437882
-12.9000000000,0.0002961716,0.0003117596,0.0003273476,0.0002436340
-12.8000000000,0.0002960268,0.0003116072,0.0003271876,0.0002434798
-12.7000000000,0.0002958821,0.0003114548,0.0003270275,0.0002433257
-12.6000000000,0.0002957373,0.0003113024,0.0003268675,0.0002431715
-12.5000000000,0.0002955925,0.0003111500,0.0003267075,0.0002430679
-12.4000000000,0.0002954477,0.0003109976,0.0003265475,0.0002429135
-12.3000000000,0.0002953029,0.0003108452,0.0003263875,0.0002427592
-12.2000000000,0.0002951582,0.0003106928,0.0003262274,0.0002426049
-12.1000000000,0.0002950134,0.0003105404,0.0003260674,0.0002424505
-12.0000000000,0.0002948686,0.0003103880,0.0003259074,0.0002422962
-11.9000000000,0.0002947238,0.0003102356,0.0003257474,0.0002421418
-11.8000000000,0.0002945790,0.0003100832,0.0003255874,0.0002419874
-11.7000000000,0.0002944343,0.0003099308,0.0003254273,0.0002418331
-11.6000000000,0.0002942895,0.0003097784,0.0003252673,0.0002416787
-11.5000000000,0.0002941447,0.0003096260,0.0003251073,0.0002415243
-11.4000000000,0.0002939999,0.0003094736,0.0003249473,0.0002413699
-11.3000000000,0.0002938551,0.0003093212,0.0003247873,0.0002412155
-11.2000000000,0.0002937104,0.0003091688,0.0003246272,0.0002410611
-11.1000000000,0.0002935656,0.0003090164,0.0003244672,0.0002409067
-11.0000000000,0.0002934208,0.0003088640,0.0003243072,0.0002407523
-10.9000000000,0.0002932760,0.0003087116,0.0003241472,0.0002405979
-10.8000000000,0.0002931312,0.0003085592,0.0003239872,0.0002404435
-10.7000000000,0.0002929865,0.0003084068,0.0003238271,0.0002402891
-10.6000000000,0.0002928417,0.0003082544,0.0003236671,0.0002401346
-10.5000000000,0.0002926969,0.0003081020,0.0003235071,0.0002399802
-10.4000000000,0.0002925521,0.0003079496,0.0003233471,0.0002398258
-10.3000000000,0.0002924073,0.0003077972,0.0003231871,0.0002396713
-10.2000000000,0.0002922626,0.0003076448,0.0003230270,0.0002395169
-10.1000000000,0.0002921178,0.0003074924,0.0003228670,0.0002393624
-10.0000000000,0.0002919730,0.0003073400,0.0003227070,0.0002392079
-9.9000000000,0.0002918282,0.0003071876,0.0003225470,0.0002390535
-9.8000000000,0.0002916834,0.0003070352,0.0003223870,0.0002388990
-9.7000000000,0.0002915387,0.0003068828,0.0003222269,0.0002387445
-9.6000000000,0.0002913939,0.0003067304,0.0003220669,0.0002385900
-9.5000000000,0.0002912491,0.0003065780,0.0003219069,0.0002384355
-9.4000000000,0.0002911043,0.0003064256,0.0003217469,0.0002382810
-9.3000000000,0.0002909595,0.0003062732,0.0003215869,0.0002381265
-9.2000000000,0.0002908148,0.0003061208,0.0003214268,0.0002379720
-9.1000000000,0.0002906700,0.0003059684,0.0003212668,0.0002378175
-9.0000000000,0.0002905252,0.0003058160,0.0003211068,0.0002376629
-8.9000000000,0.0002903804,0.0003056636,0.0003209468,0.0002375084
-8.8000000000,0.0002902356,0.0003055112,0.0003207868,0.0002373539
-8.7000000000,0.0002900909,0.0003053588,0.0003206267,0.0002371993
-8.6000000000,0.0002899461,0.0003052064,0.0003204667,0.0002370448
-8.5000000000,0.0002898013,0.0003050540,0.0003203067,0.0002368902
-8.4000000000,0.0002896565,0.0003049016,0.0003201467,0.0002367356
-8.3000000000,0.0002895117,0.0003047492,0.0003199867,0.0002365811
-8.2000000000,0.0002893670,0.0003045968,0.0003198266,0.0002364265
-8.1000000000,0.0002892222,0.0003044444,0.0003196666,0.0002362719
-8.0000000000,0.0002890774,0.0003042920,0.0003195066,0.0002361173
-7.9000000000,0.0002889326,0.0003041396,0.0003193466,0.0002359627
-7.8000000000,0.0002887878,0.0003039872,0.0003191866,0.0002358081
-7.7000000000,0.0002886431,0.0003038348,0.0003190265,0.0002356535
-7.6000000000,0.0002884983,0.0003036824,0.0003188665,0.0002354989
-7.5000000000,0.0002883535,0.0003035300,0.0003187065,0.0002353882
-7.4000000000,0.0002882087,0.0003033776,0.0003185465,0.0002352335
-7.3000000000,0.0002880639,0.0003032252,0.0003183865,0.0002350787
-7.2000000000,0.0002879192,0.0003030728,0.0003182264,0.0002349239
-7.1000000000,0.0002877744,0.0003029204,0.0003180664,0.0002347692
-7.0000000000,0.0002876296,0.0003027680,0.0003179064,0.0002346144
-6.9000000000,0.0002874848,0.0003026156,0.0003177464,0.0002344596
-6.8000000000,0.0002873400,0.0003024632,0.0003175864,0.0002343048
-6.7000000000,0.0002871953,0.0003023108,0.0003174263,0.0002341500
-6.6000000000,0.0002870505,0.0003021584,0.0003172663,0.0002339952
-6.5000000000,0.0002869057,0.0003020060,0.0003171063,0.0002338404
-6.4000000000,0.0002867609,0.0003018536,0.0003169463,0.0002336856
-6.3000000000,0.0002866161,0.0003017012,0.0003167863,0.0002335307
-6.2000000000,0.0002864714,0.0003015488,0.0003166262,0.0002333759
-6.1000000000,0.0002863266,0.0003013964,0.0003164662,0.0002332211
-6.0000000000,0.0002861818,0.0003012440,0.0003163062,0.0002330662
-5.9000000000,0.0002860370,0.0003010916,0.0003161462,0.0002329114
-5.8000000000,0.0002858922,0.0003009392,0.0003159862,0.0002327565
-5.7000000000,0.0002857475,0.0003007868,0.0003158261,0.0002326016
-5.6000000000,0.0002856027,0.0003006344,0.0003156661,0.0002324468
-5.5000000000,0.0002854579,0.0003004820,0.0003155061,0.0002322919
-5.4000000000,0.0002853131,0.0003003296,0.0003153461,0.0002321370
-5.3000000000,0.0002851683,0.0003001772,0.0003151861,0.0002319821
-5.2000000000,0.0002850236,0.0003000248,0.0003150260,0.0002318272
-5.1000000000,0.0002848788,0.0002998724,0.0003148660,0.0002316723
-5.0000000000,0.0002847340,0.0002997200,0.0003147060,0.0002315174
-4.9000000000,0.0002845892,0.0002995676,0.0003145460,0.0002313625
-4.8000000000,0.0002844444,0.0002994152,0.0003143860,0.0002312076
-4.7000000000,0.0002842997,0.0002992628,0.0003142259,0.0002310526
-4.6000000000,0.0002841549,0.0002991104,0.0003140659,0.0002308977
-4.5000000000,0.0002840101,0.0002989580,0.0003139059,0.0002307428
-4.4000000000,0.0002838653,0.0002988056,0.0003137459,0.0002305878
-4.3000000000,0.0002837205,0.0002986532,0.0003135859,0.0002304329
-4.2000000000,0.0002835758,0.0002985008,0.0003134258,0.0002302779
-4.1000000000,0.0002834310,0.0002983484,0.0003132658,0.0002301229
-4.0000000000,0.0002832862,0.0002981960,0.0003131058,0.0002299680
-3.9000000000,0.0002831414,0.0002980436,0.0003129458,0.0002298130
-3.8000000000,0.0002829966,0.0002978912,0.0003127858,0.0002296580
-3.7000000000,0.0002828519,0.0002977388,0.0003126257,0.0002295030
-3.6000000000,0.0002827071,0.0002975864,0.0003124657,0.0002293480
-3.5000000000,0.0002825623,0.0002974340,0.0003123057,0.0002291930
-3.4000000000,0.0002824175,0.0002972816,0.0003121457,0.0002290380
-3.3000000000,0.0002822727,0.0002971292,0.0003119857,0.0002288830
-3.2000000000,0.0002821280,0.0002969768,0.0003118256,0.0002287279
-3.1000000000,0.0002819832,0.0002968244,0.0003116656,0.0002285729
-3.0000000000,0.0002818384,0.0002966720,0.0003115056,0.0002284178
-2.9000000000,0.0002816936,0.0002965196,0.0003113456,0.0002282628
-2.8000000000,0.0002815488,0.0002963672,0.0003111856,0.0002281077
-2.7000000000,0.0002814041,0.0002962148,0.0003110255,0.0002279527
-2.6000000000,0.0002812593,0.0002960624,0.0003108655,0.0002277976
-2.5000000000,0.0002811145,0.0002959100,0.0003107055,0.0002276798
-2.4000000000,0.0002809697,0.0002957576,0.0003105455,0.0002275246
-2.3000000000,0.0002808249,0.0002956052,0.0003103855,0.0002273693
-2.2000000000,0.0002806802,0.0002954528,0.0003102254,0.0002272141
-2.1000000000,0.0002805354,0.0002953004,0.0003100654,0.0002270589
-2.0000000000,0.0002803906,0.0002951480,0.0003099054,0.0002269036
-1.9000000000,0.0002802458,0.0002949956,0.0003097454,0.0002267484
-1.8000000000,0.0002801010,0.0002948432,0.0003095854,0.0002265931
-1.7000000000,0.0002799563,0.0002946908,0.0003094253,0.0002264379
-1.6000000000,0.0002798115,0.0002945384,0.0003092653,0.0002262826
-1.5000000000,0.0002796667,0.0002943860,0.0003091053,0.0002261273
-1.4000000000,0.0002795219,0.0002942336,0.0003089453,0.0002259720
-1.3000000000,0.0002793771,0.0002940812,0.0003087853,0.0002258167
-1.2000000000,0.0002792324,0.0002939288,0.0003086252,0.0002256614
-1.1000000000,0.0002790876,0.0002937764,0.0003084652,0.0002255061
-1.0000000000,0.0002789428,0.0002936240,0.0003083052,0.0002253508
-0.9000000000,0.0002787980,0.0002934716,0.0003081452,0.0002251955
-0.8000000000,0.0002786532,0.0002933192,0.0003079852,0.0002250402
-0.7000000000,0.0002785085,0.0002931668,0.0003078251,0.0002248848
-0.6000000000,0.0002783637,0.0002930144,0.0003076651,0.0002247295
-0.5000000000,0.0002782189,0.0002928620,0.0003075051,0.0002245741
-0.4000000000,0.0002780741,0.0002927096,0.0003073451,0.0002244188
-0.3000000000,0.0002779293,0.0002925572,0.0003071851,0.0002242634
-0.2000000000,0.0002777846,0.0002924048,0.0003070250,0.0002241080
-0.1000000000,0.0002776398,0.0002922524,0.0003068650,0.0002239527
0.0000000000,0.0002774950,0.0002921000,0.0003067050,0.0002237973
0.1000000000,0.0002773502,0.0002919476,0.0003065450,0.0002236419
0.2000000000,0.0002772054,0.0002917952,0.0003063850,0.0002234865
0.3000000000,0.0002770607,0.0002916428,0.0003062249,0.0002233311
0.4000000000,0.0002769159,0.0002914904,0.0003060649,0.0002231757
0.5000000000,0.0002767711,0.0002913380,0.0003059049,0.0002230203
0.6000000000,0.0002766263,0.0002911856,0.0003057449,0.0002228648
0.7000000000,0.0002764815,0.0002910332,0.0003055849,0.0002227094
0.8000000000,0.0002763368,0.0002908808,0.0003054248,0.0002225539
0.9000000000,0.0002761920,0.0002907284,0.0003052648,0.0002223985
1.0000000000,0.0002760472,0.0002905760,0.0003051048,0.0002222430
1.1000000000,0.0002759024,0.0002904236,0.0003049448,0.0002220876
1.2000000000,0.0002757576,0.0002902712,0.0003047848,0.0002219321
1.3000000000,0.0002756129,0.0002901188,0.0003046247,0.0002217766
1.4000000000,0.0002754681,0.0002899664,0.0003044647,0.0002216211
1.5000000000,0.0002753233,0.0002898140,0.0003043047,0.0002214656
1.6000000000,0.0002751785,0.0002896616,0.0003041447,0.0002213101
1.7000000000,0.0002750337,0.0002895092,0.0003039847,0.0002211546
1.8000000000,0.0002748890,0.0002893568,0.0003038246,0.0002209991
1.9000000000,0.0002747442,0.0002892044,0.0003036646,0.0002208436
2.0000000000,0.0002745994,0.0002890520,0.0003035046,0.0002206881
2.1000000000,0.0002744546,0.0002888996,0.0003033446,0.0002205325
2.2000000000,0.0002743098,0.0002887472,0.0003031846,0.0002203770
2.3000000000,0.0002741651,0.0002885948,0.0003030245,0.0002202214
2.4000000000,0.0002740203,0.0002884424,0.0003028645,0.0002200659
2.5000000000,0.0002738755,0.0002882900,0.0003027045,0.0002199408
2.6000000000,0.0002737307,0.0002881376,0.0003025445,0.0002197851
2.7000000000,0.0002735859,0.0002879852,0.0003023845,0.0002196294
2.8000000000,0.0002734412,0.0002878328,0.0003022244,0.0002194737
2.9000000000,0.0002732964,0.0002876804,0.0003020644,0.0002193179
3.0000000000,0.0002731516,0.0002875280,0.0003019044,0.0002191622
3.1000000000,0.0002730068,0.0002873756,0.0003017444,0.0002190064
3.2000000000,0.0002728620,0.0002872232,0.0003015844,0.0002188507
3.3000000000,0.0002727173,0.0002870708,0.0003014243,0.0002186949
3.4000000000,0.0002725725,0.0002869184,0.0003012643,0.0002185391
3.5000000000,0.0002724277,0.0002867660,0.0003011043,0.0002183834
3.6000000000,0.0002722829,0.0002866136,0.0003009443,0.0002182276
3.7000000000,0.0002721381,0.0002864612,0.0003007843,0.0002180718
3.8000000000,0.0002719934,0.0002863088,0.0003006242,0.0002179160
3.9000000000,0.0002718486,0.0002861564,0.0003004642,0.0002177602
4.0000000000,0.0002717038,0.0002860040,0.0003003042,0.0002176043
4.1000000000,0.0002715590,0.0002858516,0.0003001442,0.0002174485
4.2000000000,0.0002714142,0.0002856992,0.0002999842,0.0002172927
4.3000000000,0.0002712695,0.0002855468,0.0002998241,0.0002171368
4.4000000000,0.0002711247,0.0002853944,0.0002996641,0.0002169810
4.5000000000,0.0002709799,0.0002852420,0.0002995041,0.0002168251
4.6000000000,0.0002708351,0.0002850896,0.0002993441,0.0002166693
4.7000000000,0.0002706903,0.0002849372,0.0002991841,0.0002165134
4.8000000000,0.0002705456,0.0002847848,0.0002990240,0.0002163575
4.9000000000,0.0002704008,0.0002846324,0.0002988640,0.0002162016
5.0000000000,0.0002702560,0.0002844800,0.0002987040,0.0002160457
5.1000000000,0.0002701112,0.0002843276,0.0002985440,0.0002158898
5.2000000000,0.0002699664,0.0002841752,0.0002983840,0.0002157339
5.3000000000,0.0002698217,0.0002840228,0.0002982239,0.0002155780
5.4000000000,0.0002696769,0.0002838704,0.0002980639,0.0002154220
5.5000000000,0.0002695321,0.0002837180,0.0002979039,0.0002152661
5.6000000000,0.0002693873,0.0002835656,0.0002977439,0.0002151102
5.7000000000,0.0002692425,0.0002834132,0.0002975839,0.0002149542
5.8000000000,0.0002690978,0.0002832608,0.0002974238,0.0002147982
5.9000000000,0.0002689530,0.0002831084,0.0002972638,0.0002146423
6.0000000000,0.0002688082,0.0002829560,0.0002971038,0.0002144863
6.1000000000,0.0002686634,0.0002828036,0.0002969438,0.0002143303
6.2000000000,0.0002685186,0.0002826512,0.0002967838,0.0002141743
6.3000000000,0.0002683739,0.0002824988,0.0002966237,0.0002140183
6.4000000000,0.0002682291,0.0002823464,0.0002964637,0.0002138623
6.5000000000,0.0002680843,0.0002821940,0.0002963037,0.0002137063
6.6000000000,0.0002679395,0.0002820416,0.0002961437,0.0002135502
6.7000000000,0.0002677947,0.0002818892,0.0002959837,0.0002133942
6.8000000000,0.0002676500,0.0002817368,0.0002958236,0.0002132382
6.9000000000,0.0002675052,0.0002815844,0.0002956636,0.0002130821
7.0000000000,0.0002673604,0.0002814320,0.0002955036,0.0002129260
7.1000000000,0.0002672156,0.0002812796,0.0002953436,0.0002127700
7.2000000000,0.0002670708,0.0002811272,0.0002951836,0.0002126139
7.3000000000,0.0002669261,0.0002809748,0.0002950235,0.0002124578
7.4000000000,0.0002667813,0.0002808224,0.0002948635,0.0002123017
7.5000000000,0.0002666365,0.0002806700,0.0002947035,0.0002121694
7.6000000000,0.0002664917,0.0002805176,0.0002945435,0.0002120132
7.7000000000,0.0002663469,0.0002803652,0.0002943835,0.0002118569
7.8000000000,0.0002662022,0.0002802128,0.0002942234,0.0002117006
7.9000000000,0.0002660574,0.0002800604,0.0002940634,0.0002115444
8.0000000000,0.0002659126,0.0002799080,0.0002939034,0.0002113881
8.1000000000,0.0002657678,0.0002797556,0.0002937434,0.0002112318
8.2000000000,0.0002656230,0.0002796032,0.0002935834,0.0002110755
8.3000000000,0.0002654783,0.0002794508,0.0002934233,0.0002109192
8.4000000000,0.0002653335,0.0002792984,0.0002932633,0.0002107629
8.5000000000,0.0002651887,0.0002791460,0.0002931033,0.0002106065
8.6000000000,0.0002650439,0.0002789936,0.0002929433,0.0002104502
8.7000000000,0.0002648991,0.0002788412,0.0002927833,0.0002102939
8.8000000000,0.0002647544,0.0002786888,0.0002926232,0.0002101375
8.9000000000,0.0002646096,0.0002785364,0.0002924632,0.0002099812
9.0000000000,0.0002644648,0.0002783840,0.0002923032,0.0002098248
9.1000000000,0.0002643200,0.0002782316,0.0002921432,0.0002096684
9.2000000000,0.0002641752,0.0002780792,0.0002919832,0.0002095120
9.3000000000,0.0002640305,0.0002779268,0.0002918231,0.0002093556
9.4000000000,0.0002638857,0.0002777744,0.0002916631,0.0002091992
9.5000000000,0.0002637409,0.0002776220,0.0002915031,0.0002090428
9.6000000000,0.0002635961,0.0002774696,0.0002913431,0.0002088864
9.7000000000,0.0002634513,0.0002773172,0.0002911831,0.0002087300
9.8000000000,0.0002633066,0.0002771648,0.0002910230,0.0002085735
9.9000000000,0.0002631618,0.0002770124,0.0002908630,0.0002084171
10.0000000000,0.0002630170,0.0002768600,0.0002907030,0.0002082606
10.1000000000,0.0002628722,0.0002767076,0.0002905430,0.0002081042
10.2000000000,0.0002627274,0.0002765552,0.0002903830,0.0002079477
10.3000000000,0.0002625827,0.0002764028,0.0002902229,0.0002077912
10.4000000000,0.0002624379,0.0002762504,0.0002900629,0.0002076347
10.5000000000,0.0002622931,0.0002760980,0.0002899029,0.0002074782
10.6000000000,0.0002621483,0.0002759456,0.0002897429,0.0002073217
10.7000000000,0.0002620035,0.0002757932,0.0002895829,0.0002071652
10.8000000000,0.0002618588,0.0002756408,0.0002894228,0.0002070086
10.9000000000,0.0002617140,0.0002754884,0.0002892628,0.0002068521
11.0000000000,0.0002615692,0.0002753360,0.0002891028,0.0002066956
11.1000000000,0.0002614244,0.0002751836,0.0002889428,0.0002065390
11.2000000000,0.0002612796,0.0002750312,0.0002887828,0.0002063824
11.3000000000,0.0002611349,0.0002748788,0.0002886227,0.0002062259
11.4000000000,0.0002609901,0.0002747264,0.0002884627,0.0002060693
11.5000000000,0.0002608453,0.0002745740,0.0002883027,0.0002059127
11.6000000000,0.0002607005,0.0002744216,0.0002881427,0.0002057561
11.7000000000,0.0002605557,0.0002742692,0.0002879827,0.0002055995
11.8000000000,0.0002604110,0.0002741168,0.0002878226,0.0002054428
11.9000000000,0.0002602662,0.0002739644,0.0002876626,0.0002052862
12.0000000000,0.0002601214,0.0002738120,0.0002875026,0.0002051296
12.1000000000,0.0002599766,0.0002736596,0.0002873426,0.0002049729
12.2000000000,0.0002598318,0.0002735072,0.0002871826,0.0002048163
12.3000000000,0.0002596871,0.0002733548,0.0002870225,0.0002046596
12.4000000000,0.0002595423,0.0002732024,0.0002868625,0.0002045029
12.5000000000,0.0002593975,0.0002730500,0.0002867025,0.0002043633
12.6000000000,0.0002592527,0.0002728976,0.0002865425,0.0002042064
12.7000000000,0.0002591079,0.0002727452,0.0002863825,0.0002040496
12.8000000000,0.0002589632,0.0002725928,0.0002862224,0.0002038928
12.9000000000,0.0002588184,0.0002724404,0.0002860624,0.0002037359
13.0000000000,0.0002586736,0.0002722880,0.0002859024,0.0002035790
13.1000000000,0.0002585288,0.0002721356,0.0002857424,0.0002034221
13.2000000000,0.0002583840,0.0002719832,0.0002855824,0.0002032652
13.3000000000,0.0002582393,0.0002718308,0.0002854223,0.0002031083
13.4000000000,0.0002580945,0.0002716784,0.0002852623,0.0002029514
13.5000000000,0.0002579497,0.0002715260,0.0002851023,0.0002027945
13.6000000000,0.0002578049,0.0002713736,0.0002849423,0.0002026376
13.7000000000,0.0002576601,0.0002712212,0.0002847823,0.0002024807
13.8000000000,0.0002575154,0.0002710688,0.0002846222,0.0002023237
13.9000000000,0.0002573706,0.0002709164,0.0002844622,0.0002021667
14.0000000000,0.0002572258,0.0002707640,0.0002843022,0.0002020098
14.1000000000,0.0002570810,0.0002706116,0.0002841422,0.0002018528
14.2000000000,0.0002569362,0.0002704592,0.0002839822,0.0002016958
14.3000000000,0.0002567915,0.0002703068,0.0002838221,0.0002015388
14.4000000000,0.0002566467,0.0002701544,0.0002836621,0.0002013818
14.5000000000,0.0002565019,0.0002700020,0.0002835021,0.0002012248
14.6000000000,0.0002563571,0.0002698496,0.0002833421,0.0002010678
14.7000000000,0.0002562123,0.0002696972,0.0002831821,0.0002009107
14.8000000000,0.0002560676,0.0002695448,0.0002830220,0.0002007537
14.9000000000,0.0002559228,0.0002693924,0.0002828620,0.0002005966
15.0000000000,0.0002557780,0.0002692400,0.0002827020,0.0002004395
15.1000000000,0.0002556332,0.0002690876,0.0002825420,0.0002002825
15.2000000000,0.0002554884,0.0002689352,0.0002823820,0.0002001254
15.3000000000,0.0002553437,0.0002687828,0.0002822219,0.0001999683
15.4000000000,0.0002551989,0.0002686304,0.0002820619,0.0001998112
15.5000000000,0.0002550541,0.0002684780,0.0002819019,0.0001996541
15.6000000000,0.0002549093,0.0002683256,0.0002817419,0.0001994969
15.7000000000,0.0002547645,0.0002681732,0.0002815819,0.0001993398
15.8000000000,0.0002546198,0.0002680208,0.0002814218,0.0001991826
15.9000000000,0.0002544750,0.0002678684,0.0002812618,0.0001990255
16.0000000000,0.0002543302,0.0002677160,0.0002811018,0.0001988683
16.1000000000,0.0002541854,0.0002675636,0.0002809418,0.0001987111
16.2000000000,0.0002540406,0.0002674112,0.0002807818,0.0001985539
16.3000000000,0.0002538959,0.0002672588,0.0002806217,0.0001983967
16.4000000000,0.0002537511,0.0002671064,0.0002804617,0.0001982395
16.5000000000,0.0002536063,0.0002669540,0.0002803017,0.0001980823
16.6000000000,0.0002534615,0.0002668016,0.0002801417,0.0001979251
16.7000000000,0.0002533167,0.0002666492,0.0002799817,0.0001977678
16.8000000000,0.0002531720,0.0002664968,0.0002798216,0.0001976106
16.9000000000,0.0002530272,0.0002663444,0.0002796616,0.0001974533
17.0000000000,0.0002528824,0.0002661920,0.0002795016,0.0001972960
17.1000000000,0.0002527376,0.0002660396,0.0002793416,0.0001971388
17.2000000000,0.0002525928,0.0002658872,0.0002791816,0.0001969815
17.3000000000,0.0002524481,0.0002657348,0.0002790215,0.0001968242
17.4000000000,0.0002523033,0.0002655824,0.0002788615,0.0001966668
17.5000000000,0.0002521585,0.0002654300,0.0002787015,0.0001965198
17.6000000000,0.0002520137,0.0002652776,0.0002785415,0.0001963623
17.7000000000,0.0002518689,0.0002651252,0.0002783815,0.0001962048
17.8000000000,0.0002517242,0.0002649728,0.0002782214,0.0001960473
17.9000000000,0.0002515794,0.0002648204,0.0002780614,0.0001958898
18.0000000000,0.0002514346,0.0002646680,0.0002779014,0.0001957323
18.1000000000,0.0002512898,0.0002645156,0.0002777414,0.0001955748
18.2000000000,0.0002511450,0.0002643632,0.0002775814,0.0001954172
18.3000000000,0.0002510003,0.0002642108,0.0002774213,0.0001952597
18.4000000000,0.0002508555,0.0002640584,0.0002772613,0.0001951021
18.5000000000,0.0002507107,0.0002639060,0.0002771013,0.0001949446
18.6000000000,0.0002505659,0.0002637536,0.0002769413,0.0001947870
18.7000000000,0.0002504211,0.0002636012,0.0002767813,0.0001946294
18.8000000000,0.0002502764,0.0002634488,0.0002766212,0.0001944718
18.9000000000,0.0002501316,0.0002632964,0.0002764612,0.0001943142
19.0000000000,0.0002499868,0.0002631440,0.0002763012,0.0001941565
19.1000000000,0.0002498420,0.0002629916,0.0002761412,0.0001939989
19.2000000000,0.0002496972,0.0002628392,0.0002759812,0.0001938413
19.3000000000,0.0002495525,0.0002626868,0.0002758211,0.0001936836
19.4000000000,0.0002494077,0.0002625344,0.0002756611,0.0001935259
19.5000000000,0.0002492629,0.0002623820,0.0002755011,0.0001933682
19.6000000000,0.0002491181,0.0002622296,0.0002753411,0.0001932105
19.7000000000,0.0002489733,0.0002620772,0.0002751811,0.0001930528
19.8000000000,0.0002488286,0.0002619248,0.0002750210,0.0001928951
19.9000000000,0.0002486838,0.0002617724,0.0002748610,0.0001927374
20.0000000000,0.0002485390,0.0002616200,0.0002747010,0.0001925797
20.1000000000,0.0002483942,0.0002614676,0.0002745410,0.0001924219
20.2000000000,0.0002482494,0.0002613152,0.0002743810,0.0001922641
20.3000000000,0.0002481047,0.0002611628,0.0002742209,0.0001921064
20.4000000000,0.0002479599,0.0002610104,0.0002740609,0.0001919486
20.5000000000,0.0002478151,0.0002608580,0.0002739009,0.0001917908
20.6000000000,0.0002476703,0.0002607056,0.0002737409,0.0001916330
20.7000000000,0.0002475255,0.0002605532,0.0002735809,0.0001914752
20.8000000000,0.0002473808,0.0002604008,0.0002734208,0.0001913173
20.9000000000,0.0002472360,0.0002602484,0.0002732608,0.0001911595
21.0000000000,0.0002470912,0.0002600960,0.0002731008,0.0001910016
21.1000000000,0.0002469464,0.0002599436,0.0002729408,0.0001908438
21.2000000000,0.0002468016,0.0002597912,0.0002727808,0.0001906859
21.3000000000,0.0002466569,0.0002596388,0.0002726207,0.0001905280
21.4000000000,0.0002465121,0.0002594864,0.0002724607,0.0001903701
21.5000000000,0.0002463673,0.0002593340,0.0002723007,0.0001902122
21.6000000000,0.0002462225,0.0002591816,0.0002721407,0.0001900543
21.7000000000,0.0002460777,0.0002590292,0.0002719807,0.0001898963
21.8000000000,0.0002459330,0.0002588768,0.0002718206,0.0001897384
21.9000000000,0.0002457882,0.0002587244,0.0002716606,0.0001895804
22.0000000000,0.0002456434,0.0002585720,0.0002715006,0.0001894224
22.1000000000,0.0002454986,0.0002584196,0.0002713406,0.0001892645
22.2000000000,0.0002453538,0.0002582672,0.0002711806,0.0001891065
22.3000000000,0.0002452091,0.0002581148,0.0002710205,0.0001889485
22.4000000000,0.0002450643,0.0002579624,0.0002708605,0.0001887904
22.5000000000,0.0002449195,0.0002578100,0.0002707005,0.0001886358
22.6000000000,0.0002447747,0.0002576576,0.0002705405,0.0001884777
22.7000000000,0.0002446299,0.0002575052,0.0002703805,0.0001883195
22.8000000000,0.0002444852,0.0002573528,0.0002702204,0.0001881613
22.9000000000,0.0002443404,0.0002572004,0.0002700604,0.0001880030
23.0000000000,0.0002441956,0.0002570480,0.0002699004,0.0001878448
23.1000000000,0.0002440508,0.0002568956,0.0002697404,0.0001876866
23.2000000000,0.0002439060,0.0002567432,0.0002695804,0.0001875283
23.3000000000,0.0002437613,0.0002565908,0.0002694203,0.0001873700
23.4000000000,0.0002436165,0.0002564384,0.0002692603,0.0001872118
23.5000000000,0.0002434717,0.0002562860,0.0002691003,0.0001870535
23.6000000000,0.0002433269,0.0002561336,0.0002689403,0.0001868952
23.7000000000,0.0002431821,0.0002559812,0.0002687803,0.0001867369
23.8000000000,0.0002430374,0.0002558288,0.0002686202,0.0001865785
23.9000000000,0.0002428926,0.0002556764,0.0002684602,0.0001864202
24.0000000000,0.0002427478,0.0002555240,0.0002683002,0.0001862618
24.1000000000,0.0002426030,0.0002553716,0.0002681402,0.0001861035
24.2000000000,0.0002424582,0.0002552192,0.0002679802,0.0001859451
24.3000000000,0.0002423135,0.0002550668,0.0002678201,0.0001857867
24.4000000000,0.0002421687,0.0002549144,0.0002676601,0.0001856283
24.5000000000,0.0002420239,0.0002547620,0.0002675001,0.0001854699
24.6000000000,0.0002418791,0.0002546096,0.0002673401,0.0001853114
24.7000000000,0.0002417343,0.0002544572,0.0002671801,0.0001851530
24.8000000000,0.0002415896,0.0002543048,0.0002670200,0.0001849945
24.9000000000,0.0002414448,0.0002541524,0.0002668600,0.0001848361
25.0000000000,0.0002413000,0.0002540000,0.0002667000,0.0001846776
25.1000000000,0.0002411400,0.0002538476,0.0002665552,0.0001845191
25.2000000000,0.0002409800,0.0002536952,0.0002664104,0.0001843606
25.3000000000,0.0002408199,0.0002535428,0.0002662657,0.0001842021
25.4000000000,0.0002406599,0.0002533904,0.0002661209,0.0001840435
25.5000000000,0.0002404999,0.0002532380,0.0002659761,0.0001838850
25.6000000000,0.0002403399,0.0002530856,0.0002658313,0.0001837264
25.7000000000,0.0002401799,0.0002529332,0.0002656865,0.0001835678
25.8000000000,0.0002400198,0.0002527808,0.0002655418,0.0001834093
25.9000000000,0.0002398598,0.0002526284,0.0002653970,0.0001832507
26.0000000000,0.0002396998,0.0002524760,0.0002652522,0.0001830920
26.1000000000,0.0002395398,0.0002523236,0.0002651074,0.0001829334
26.2000000000,0.0002393798,0.0002521712,0.0002649626,0.0001827748
26.3000000000,0.0002392197,0.0002520188,0.0002648179,0.0001826161
26.4000000000,0.0002390597,0.0002518664,0.0002646731,0.0001824575
26.5000000000,0.0002388997,0.0002517140,0.0002645283,0.0001822988
26.6000000000,0.0002387397,0.0002515616,0.0002643835,0.0001821401
26.7000000000,0.0002385797,0.0002514092,0.0002642387,0.0001819814
26.8000000000,0.0002384196,0.0002512568,0.0002640940,0.0001818227
26.9000000000,0.0002382596,0.0002511044,0.0002639492,0.0001816639
27.0000000000,0.0002380996,0.0002509520,0.0002638044,0.0001815052
27.1000000000,0.0002379396,0.0002507996,0.0002636596,0.0001813464
27.2000000000,0.0002377796,0.0002506472,0.0002635148,0.0001811876
27.3000000000,0.0002376195,0.0002504948,0.0002633701,0.0001810289
27.4000000000,0.0002374595,0.0002503424,0.0002632253,0.0001808701
27.5000000000,0.0002372995,0.0002501900,0.0002630805,0.0001807078
27.6000000000,0.0002371395,0.0002500376,0.0002629357,0.0001805488
27.7000000000,0.0002369795,0.0002498852,0.0002627909,0.0001803898
27.8000000000,0.0002368194,0.0002497328,0.0002626462,0.0001802308
27.9000000000,0.0002366594,0.0002495804,0.0002625014,0.0001800718
28.0000000000,0.0002364994,0.0002494280,0.0002623566,0.0001799128
28.1000000000,0.0002363394,0.0002492756,0.0002622118,0.0001797538
28.2000000000,0.0002361794,0.0002491232,0.0002620670,0.0001795947
28.3000000000,0.0002360193,0.0002489708,0.0002619223,0.0001794357
28.4000000000,0.0002358593,0.0002488184,0.0002617775,0.0001792766
28.5000000000,0.0002356993,0.0002486660,0.0002616327,0.0001791175
28.6000000000,0.0002355393,0.0002485136,0.0002614879,0.0001789584
28.7000000000,0.0002353793,0.0002483612,0.0002613431,0.0001787993
28.8000000000,0.0002352192,0.0002482088,0.0002611984,0.0001786401
28.9000000000,0.0002350592,0.0002480564,0.0002610536,0.0001784810
29.0000000000,0.0002348992,0.0002479040,0.0002609088,0.0001783218
29.1000000000,0.0002347392,0.0002477516,0.0002607640,0.0001781626
29.2000000000,0.0002345792,0.0002475992,0.0002606192,0.0001780034
29.3000000000,0.0002344191,0.0002474468,0.0002604745,0.0001778442
29.4000000000,0.0002342591,0.0002472944,0.0002603297,0.0001776850
29.5000000000,0.0002340991,0.0002471420,0.0002601849,0.0001775258
29.6000000000,0.0002339391,0.0002469896,0.0002600401,0.0001773665
29.7000000000,0.0002337791,0.0002468372,0.0002598953,0.0001772072
29.8000000000,0.0002336190,0.0002466848,0.0002597506,0.0001770480
29.9000000000,0.0002334590,0.0002465324,0.0002596058,0.0001768887
30.0000000000,0.0002332990,0.0002463800,0.0002594610,0.0001767293
30.1000000000,0.0002331390,0.0002462276,0.0002593162,0.0001765700
30.2000000000,0.0002329790,0.0002460752,0.0002591714,0.0001764107
30.3000000000,0.0002328189,0.0002459228,0.0002590267,0.0001762513
30.4000000000,0.0002326589,0.0002457704,0.0002588819,0.0001760920
30.5000000000,0.0002324989,0.0002456180,0.0002587371,0.0001759326
30.6000000000,0.0002323389,0.0002454656,0.0002585923,0.0001757732
30.7000000000,0.0002321789,0.0002453132,0.0002584475,0.0001756138
30.8000000000,0.0002320188,0.0002451608,0.0002583028,0.0001754543
30.9000000000,0.0002318588,0.0002450084,0.0002581580,0.0001752949
31.0000000000,0.0002316988,0.0002448560,0.0002580132,0.0001751354
31.1000000000,0.0002315388,0.0002447036,0.0002578684,0.0001749759
31.2000000000,0.0002313788,0.0002445512,0.0002577236,0.0001748164
31.3000000000,0.0002312187,0.0002443988,0.0002575789,0.0001746569
31.4000000000,0.0002310587,0.0002442464,0.0002574341,0.0001744974
31.5000000000,0.0002308987,0.0002440940,0.0002572893,0.0001743379
31.6000000000,0.0002307387,0.0002439416,0.0002571445,0.0001741783
31.7000000000,0.0002305787,0.0002437892,0.0002569997,0.0001740188
31.8000000000,0.0002304186,0.0002436368,0.0002568550,0.0001738592
31.9000000000,0.0002302586,0.0002434844,0.0002567102,0.0001736996
32.0000000000,0.0002300986,0.0002433320,0.0002565654,0.0001735400
32.1000000000,0.0002299386,0.0002431796,0.0002564206,0.0001733803
32.2000000000,0.0002297786,0.0002430272,0.0002562758,0.0001732207
32.3000000000,0.0002296185,0.0002428748,0.0002561311,0.0001730610
32.4000000000,0.0002294585,0.0002427224,0.0002559863,0.0001729014
32.5000000000,0.0002292985,0.0002425700,0.0002558415,0.0001727209
32.6000000000,0.0002291385,0.0002424176,0.0002556967,0.0001725609
32.7000000000,0.0002289785,0.0002422652,0.0002555519,0.0001724009
32.8000000000,0.0002288184,0.0002421128,0.0002554072,0.0001722409
32.9000000000,0.0002286584,0.0002419604,0.0002552624,0.0001720808
33.0000000000,0.0002284984,0.0002418080,0.0002551176,0.0001719208
33.1000000000,0.0002283384,0.0002416556,0.0002549728,0.0001717607
33.2000000000,0.0002281784,0.0002415032,0.0002548280,0.0001716006
33.3000000000,0.0002280183,0.0002413508,0.0002546833,0.0001714405
33.4000000000,0.0002278583,0.0002411984,0.0002545385,0.0001712804
33.5000000000,0.0002276983,0.0002410460,0.0002543937,0.0001711203
33.6000000000,0.0002275383,0.0002408936,0.0002542489,0.0001709601
33.7000000000,0.0002273783,0.0002407412,0.0002541041,0.0001707999
33.8000000000,0.0002272182,0.0002405888,0.0002539594,0.0001706398
33.9000000000,0.0002270582,0.0002404364,0.0002538146,0.0001704796
34.0000000000,0.0002268982,0.0002402840,0.0002536698,0.0001703194
34.1000000000,0.0002267382,0.0002401316,0.0002535250,0.0001701591
34.2000000000,0.0002265782,0.0002399792,0.0002533802,0.0001699989
34.3000000000,0.0002264181,0.0002398268,0.0002532355,0.0001698386
34.4000000000,0.0002262581,0.0002396744,0.0002530907,0.0001696783
34.5000000000,0.0002260981,0.0002395220,0.0002529459,0.0001695180
34.6000000000,0.0002259381,0.0002393696,0.0002528011,0.0001693577
34.7000000000,0.0002257781,0.0002392172,0.0002526563,0.0001691974
34.8000000000,0.0002256180,0.0002390648,0.0002525116,0.0001690370
34.9000000000,0.0002254580,0.0002389124,0.0002523668,0.0001688767
35.0000000000,0.0002252980,0.0002387600,0.0002522220,0.0001687163
35.1000000000,0.0002251380,0.0002386076,0.0002520772,0.0001685559
35.2000000000,0.0002249780,0.0002384552,0.0002519324,0.0001683955
35.3000000000,0.0002248179,0.0002383028,0.0002517877,0.0001682350
35.4000000000,0.0002246579,0.0002381504,0.0002516429,0.0001680746
35.5000000000,0.0002244979,0.0002379980,0.0002514981,0.0001679141
35.6000000000,0.0002243379,0.0002378456,0.0002513533,0.0001677536
35.7000000000,0.0002241779,0.0002376932,0.0002512085,0.0001675931
35.8000000000,0.0002240178,0.0002375408,0.0002510638,0.0001674326
35.9000000000,0.0002238578,0.0002373884,0.0002509190,0.0001672721
36.0000000000,0.0002236978,0.0002372360,0.0002507742,0.0001671115
36.1000000000,0.0002235378,0.0002370836,0.0002506294,0.0001669509
36.2000000000,0.0002233778,0.0002369312,0.0002504846,0.0001667903
36.3000000000,0.0002232177,0.0002367788,0.0002503399,0.0001666297
36.4000000000,0.0002230577,0.0002366264,0.0002501951,0.0001664691
36.5000000000,0.0002228977,0.0002364740,0.0002500503,0.0001663085
36.6000000000,0.0002227377,0.0002363216,0.0002499055,0.0001661478
36.7000000000,0.0002225777,0.0002361692,0.0002497607,0.0001659871
36.8000000000,0.0002224176,0.0002360168,0.0002496160,0.0001658264
36.9000000000,0.0002222576,0.0002358644,0.0002494712,0.0001656657
37.0000000000,0.0002220976,0.0002357120,0.0002493264,0.0001655050
37.1000000000,0.0002219376,0.0002355596,0.0002491816,0.0001653442
37.2000000000,0.0002217776,0.0002354072,0.0002490368,0.0001651834
37.3000000000,0.0002216175,0.0002352548,0.0002488921,0.0001650227
37.4000000000,0.0002214575,0.0002351024,0.0002487473,0.0001648619
37.5000000000,0.0002212975,0.0002349500,0.0002486025,0.0001646662
37.6000000000,0.0002211375,0.0002347976,0.0002484577,0.0001645051
37.7000000000,0.0002209775,0.0002346452,0.0002483129,0.0001643439
37.8000000000,0.0002208174,0.0002344928,0.0002481682,0.0001641828
37.9000000000,0.0002206574,0.0002343404,0.0002480234,0.0001640216
38.0000000000,0.0002204974,0.0002341880,0.0002478786,0.0001638604
38.1000000000,0.0002203374,0.0002340356,0.0002477338,0.0001636992
38.2000000000,0.0002201774,0.0002338832,0.0002475890,0.0001635379
38.3000000000,0.0002200173,0.0002337308,0.0002474443,0.0001633767
38.4000000000,0.0002198573,0.0002335784,0.0002472995,0.0001632154
38.5000000000,0.0002196973,0.0002334260,0.0002471547,0.0001630541
38.6000000000,0.0002195373,0.0002332736,0.0002470099,0.0001628928
38.7000000000,0.0002193773,0.0002331212,0.0002468651,0.0001627315
38.8000000000,0.0002192172,0.0002329688,0.0002467204,0.0001625701
38.9000000000,0.0002190572,0.0002328164,0.0002465756,0.0001624087
39.0000000000,0.0002188972,0.0002326640,0.0002464308,0.0001622473
39.1000000000,0.0002187372,0.0002325116,0.0002462860,0.0001620859
39.2000000000,0.0002185772,0.0002323592,0.0002461412,0.0001619245
39.3000000000,0.0002184171,0.0002322068,0.0002459965,0.0001617631
39.4000000000,0.0002182571,0.0002320544,0.0002458517,0.0001616016
39.5000000000,0.0002180971,0.0002319020,0.0002457069,0.0001614401
39.6000000000,0.0002179371,0.0002317496,0.0002455621,0.0001612786
39.7000000000,0.0002177771,0.0002315972,0.0002454173,0.0001611171
39.8000000000,0.0002176170,0.0002314448,0.0002452726,0.0001609555
39.9000000000,0.0002174570,0.0002312924,0.0002451278,0.0001607940
40.0000000000,0.0002172970,0.0002311400,0.0002449830,0.0001606324
40.1000000000,0.0002171370,0.0002309876,0.0002448382,0.0001604708
40.2000000000,0.0002169770,0.0002308352,0.0002446934,0.0001603092
40.3000000000,0.0002168169,0.0002306828,0.0002445487,0.0001601475
40.4000000000,0.0002166569,0.0002305304,0.0002444039,0.0001599859
40.5000000000,0.0002164969,0.0002303780,0.0002442591,0.0001598242
40.6000000000,0.0002163369,0.0002302256,0.0002441143,0.0001596625
40.7000000000,0.0002161769,0.0002300732,0.0002439695,0.0001595007
40.8000000000,0.0002160168,0.0002299208,0.0002438248,0.0001593390
40.9000000000,0.0002158568,0.0002297684,0.0002436800,0.0001591772
41.0000000000,0.0002156968,0.0002296160,0.0002435352,0.0001590155
41.1000000000,0.0002155368,0.0002294636,0.0002433904,0.0001588536
41.2000000000,0.0002153768,0.0002293112,0.0002432456,0.0001586918
41.3000000000,0.0002152167,0.0002291588,0.0002431009,0.0001585300
41.4000000000,0.0002150567,0.0002290064,0.0002429561,0.0001583681
41.5000000000,0.0002148967,0.0002288540,0.0002428113,0.0001582062
41.6000000000,0.0002147367,0.0002287016,0.0002426665,0.0001580443
41.7000000000,0.0002145767,0.0002285492,0.0002425217,0.0001578824
41.8000000000,0.0002144166,0.0002283968,0.0002423770,0.0001577204
41.9000000000,0.0002142566,0.0002282444,0.0002422322,0.0001575585
42.0000000000,0.0002140966,0.0002280920,0.0002420874,0.0001573965
42.1000000000,0.0002139366,0.0002279396,0.0002419426,0.0001572345
42.2000000000,0.0002137766,0.0002277872,0.0002417978,0.0001570724
42.3000000000,0.0002136165,0.0002276348,0.0002416531,0.0001569104
42.4000000000,0.0002134565,0.0002274824,0.0002415083,0.0001567483
42.5000000000,0.0002132965,0.0002273300,0.0002413635,0.0001565617
42.6000000000,0.0002131365,0.0002271776,0.0002412187,0.0001563994
42.7000000000,0.0002129765,0.0002270252,0.0002410739,0.0001562371
42.8000000000,0.0002128164,0.0002268728,0.0002409292,0.0001560748
42.9000000000,0.0002126564,0.0002267204,0.0002407844,0.0001559125
43.0000000000,0.0002124964,0.0002265680,0.0002406396,0.0001557501
43.1000000000,0.0002123364,0.0002264156,0.0002404948,0.0001555878
43.2000000000,0.0002121764,0.0002262632,0.0002403500,0.0001554254
43.3000000000,0.0002120163,0.0002261108,0.0002402053,0.0001552629
43.4000000000,0.0002118563,0.0002259584,0.0002400605,0.0001551005
43.5000000000,0.0002116963,0.0002258060,0.0002399157,0.0001549380
43.6000000000,0.0002115363,0.0002256536,0.0002397709,0.0001547756
43.7000000000,0.0002113763,0.0002255012,0.0002396261,0.0001546131
43.8000000000,0.0002112162,0.0002253488,0.0002394814,0.0001544505
43.9000000000,0.0002110562,0.0002251964,0.0002393366,0.0001542880
44.0000000000,0.0002108962,0.0002250440,0.0002391918,0.0001541254
44.1000000000,0.0002107362,0.0002248916,0.0002390470,0.0001539628
44.2000000000,0.0002105762,0.0002247392,0.0002389022,0.0001538002
44.3000000000,0.0002104161,0.0002245868,0.0002387575,0.0001536376
44.4000000000,0.0002102561,0.0002244344,0.0002386127,0.0001534749
44.5000000000,0.0002100961,0.0002242820,0.0002384679,0.0001533122
44.6000000000,0.0002099361,0.0002241296,0.0002383231,0.0001531495
44.7000000000,0.0002097761,0.0002239772,0.0002381783,0.0001529868
44.8000000000,0.0002096160,0.0002238248,0.0002380336,0.0001528240
44.9000000000,0.0002094560,0.0002236724,0.0002378888,0.0001526613
45.0000000000,0.0002092960,0.0002235200,0.0002377440,0.0001524985
45.1000000000,0.0002091360,0.0002233676,0.0002375992,0.0001523356
45.2000000000,0.0002089760,0.0002232152,0.0002374544,0.0001521728
45.3000000000,0.0002088159,0.0002230628,0.0002373097,0.0001520099
45.4000000000,0.0002086559,0.0002229104,0.0002371649,0.0001518470
45.5000000000,0.0002084959,0.0002227580,0.0002370201,0.0001516841
45.6000000000,0.0002083359,0.0002226056,0.0002368753,0.0001515212
45.7000000000,0.0002081759,0.0002224532,0.0002367305,0.0001513582
45.8000000000,0.0002080158,0.0002223008,0.0002365858,0.0001511952
45.9000000000,0.0002078558,0.0002221484,0.0002364410,0.0001510322
46.0000000000,0.0002076958,0.0002219960,0.0002362962,0.0001508692
46.1000000000,0.0002075358,0.0002218436,0.0002361514,0.0001507061
46.2000000000,0.0002073758,0.0002216912,0.0002360066,0.0001505431
46.3000000000,0.0002072157,0.0002215388,0.0002358619,0.0001503799
46.4000000000,0.0002070557,0.0002213864,0.0002357171,0.0001502168
46.5000000000,0.0002068957,0.0002212340,0.0002355723,0.0001500537
46.6000000000,0.0002067357,0.0002210816,0.0002354275,0.0001498905
46.7000000000,0.0002065757,0.0002209292,0.0002352827,0.0001497273
46.8000000000,0.0002064156,0.0002207768,0.0002351380,0.0001495640
46.9000000000,0.0002062556,0.0002206244,0.0002349932,0.0001494008
47.0000000000,0.0002060956,0.0002204720,0.0002348484,0.0001492375
47.1000000000,0.0002059356,0.0002203196,0.0002347036,0.0001490742
47.2000000000,0.0002057756,0.0002201672,0.0002345588,0.0001489109
47.3000000000,0.0002056155,0.0002200148,0.0002344141,0.0001487475
47.4000000000,0.0002054555,0.0002198624,0.0002342693,0.0001485842
47.5000000000,0.0002052955,0.0002197100,0.0002341245,0.0001483890
47.6000000000,0.0002051355,0.0002195576,0.0002339797,0.0001482254
47.7000000000,0.0002049755,0.0002194052,0.0002338349,0.0001480618
47.8000000000,0.0002048154,0.0002192528,0.0002336902,0.0001478982
47.9000000000,0.0002046554,0.0002191004,0.0002335454,0.0001477345
48.0000000000,0.0002044954,0.0002189480,0.0002334006,0.0001475709
48.1000000000,0.0002043354,0.0002187956,0.0002332558,0.0001474072
48.2000000000,0.0002041754,0.0002186432,0.0002331110,0.0001472434
48.3000000000,0.0002040153,0.0002184908,0.0002329663,0.0001470797
48.4000000000,0.0002038553,0.0002183384,0.0002328215,0.0001469159
48.5000000000,0.0002036953,0.0002181860,0.0002326767,0.0001467521
48.6000000000,0.0002035353,0.0002180336,0.0002325319,0.0001465883
48.7000000000,0.0002033753,0.0002178812,0.0002323871,0.0001464244
48.8000000000,0.0002032152,0.0002177288,0.0002322424,0.0001462605
48.9000000000,0.0002030552,0.0002175764,0.0002320976,0.0001460966
49.0000000000,0.0002028952,0.0002174240,0.0002319528,0.0001459327
49.1000000000,0.0002027352,0.0002172716,0.0002318080,0.0001457687
49.2000000000,0.0002025752,0.0002171192,0.0002316632,0.0001456047
49.3000000000,0.0002024151,0.0002169668,0.0002315185,0.0001454407
49.4000000000,0.0002022551,0.0002168144,0.0002313737,0.0001452767
49.5000000000,0.0002020951,0.0002166620,0.0002312289,0.0001451126
49.6000000000,0.0002019351,0.0002165096,0.0002310841,0.0001449485
49.7000000000,0.0002017751,0.0002163572,0.0002309393,0.0001447844
49.8000000000,0.0002016150,0.0002162048,0.0002307946,0.0001446202
49.9000000000,0.0002014550,0.0002160524,0.0002306498,0.0001444561
50.0000000000,0.0002012950,0.0002159000,0.0002305050,0.0001442919
50.1000000000,0.0002011350,0.0002157476,0.0002303602,0.0001441276
50.2000000000,0.0002009750,0.0002155952,0.0002302154,0.0001439634
50.3000000000,0.0002008149,0.0002154428,0.0002300707,0.0001437991
50.4000000000,0.0002006549,0.0002152904,0.0002299259,0.0001436348
50.5000000000,0.0002004949,0.0002151380,0.0002297811,0.0001434704
50.6000000000,0.0002003349,0.0002149856,0.0002296363,0.0001433061
50.7000000000,0.0002001749,0.0002148332,0.0002294915,0.0001431417
50.8000000000,0.0002000148,0.0002146808,0.0002293468,0.0001429772
50.9000000000,0.0001998548,0.0002145284,0.0002292020,0.0001428128
51.0000000000,0.0001996948,0.0002143760,0.0002290572,0.0001426483
51.1000000000,0.0001995348,0.0002142236,0.0002289124,0.0001424838
51.2000000000,0.0001993748,0.0002140712,0.0002287676,0.0001423192
51.3000000000,0.0001992147,0.0002139188,0.0002286229,0.0001421547
51.4000000000,0.0001990547,0.0002137664,0.0002284781,0.0001419901
51.5000000000,0.0001988947,0.0002136140,0.0002283333,0.0001418254
51.6000000000,0.0001987347,0.0002134616,0.0002281885,0.0001416608
51.7000000000,0.0001985747,0.0002133092,0.0002280437,0.0001414961
51.8000000000,0.0001984146,0.0002131568,0.0002278990,0.0001413314
51.9000000000,0.0001982546,0.0002130044,0.0002277542,0.0001411666
52.0000000000,0.0001980946,0.0002128520,0.0002276094,0.0001410019
52.1000000000,0.0001979346,0.0002126996,0.0002274646,0.0001408371
52.2000000000,0.0001977746,0.0002125472,0.0002273198,0.0001406722
52.3000000000,0.0001976145,0.0002123948,0.0002271751,0.0001405074
52.4000000000,0.0001974545,0.0002122424,0.0002270303,0.0001403425
52.5000000000,0.0001972945,0.0002120900,0.0002268855,0.0001401384
52.6000000000,0.0001971345,0.0002119376,0.0002267407,0.0001399733
52.7000000000,0.0001969745,0.0002117852,0.0002265959,0.0001398082
52.8000000000,0.0001968144,0.0002116328,0.0002264512,0.0001396430
52.9000000000,0.0001966544,0.0002114804,0.0002263064,0.0001394778
53.0000000000,0.0001964944,0.0002113280,0.0002261616,0.0001393126
53.1000000000,0.0001963344,0.0002111756,0.0002260168,0.0001391474
53.2000000000,0.0001961744,0.0002110232,0.0002258720,0.0001389821
53.3000000000,0.0001960143,0.0002108708,0.0002257273,0.0001388168
53.4000000000,0.0001958543,0.0002107184,0.0002255825,0.0001386514
53.5000000000,0.0001956943,0.0002105660,0.0002254377,0.0001384860
53.6000000000,0.0001955343,0.0002104136,0.0002252929,0.0001383206
53.7000000000,0.0001953743,0.0002102612,0.0002251481,0.0001381552
53.8000000000,0.0001952142,0.0002101088,0.0002250034,0.0001379897
53.9000000000,0.0001950542,0.0002099564,0.0002248586,0.0001378242
54.0000000000,0.0001948942,0.0002098040,0.0002247138,0.0001376587
54.1000000000,0.0001947342,0.0002096516,0.0002245690,0.0001374931
54.2000000000,0.0001945742,0.0002094992,0.0002244242,0.0001373275
54.3000000000,0.0001944141,0.0002093468,0.0002242795,0.0001371619
54.4000000000,0.0001942541,0.0002091944,0.0002241347,0.0001369963
54.5000000000,0.0001940941,0.0002090420,0.0002239899,0.0001368306
54.6000000000,0.0001939341,0.0002088896,0.0002238451,0.0001366648
54.7000000000,0.0001937741,0.0002087372,0.0002237003,0.0001364991
54.8000000000,0.0001936140,0.0002085848,0.0002235556,0.0001363333
54.9000000000,0.0001934540,0.0002084324,0.0002234108,0.0001361675
55.0000000000,0.0001932940,0.0002082800,0.0002232660,0.0001360016
55.1000000000,0.0001931340,0.0002081276,0.0002231212,0.0001358357
55.2000000000,0.0001929740,0.0002079752,0.0002229764,0.0001356698
55.3000000000,0.0001928139,0.0002078228,0.0002228317,0.0001355039
55.4000000000,0.0001926539,0.0002076704,0.0002226869,0.0001353379
55.5000000000,0.0001924939,0.0002075180,0.0002225421,0.0001351719
55.6000000000,0.0001923339,0.0002073656,0.0002223973,0.0001350058
55.7000000000,0.0001921739,0.0002072132,0.0002222525,0.0001348397
55.8000000000,0.0001920138,0.0002070608,0.0002221078,0.0001346736
55.9000000000,0.0001918538,0.0002069084,0.0002219630,0.0001345075
56.0000000000,0.0001916938,0.0002067560,0.0002218182,0.0001343413
56.1000000000,0.0001915338,0.0002066036,0.0002216734,0.0001341750
56.2000000000,0.0001913738,0.0002064512,0.0002215286,0.0001340088
56.3000000000,0.0001912137,0.0002062988,0.0002213839,0.0001338425
56.4000000000,0.0001910537,0.0002061464,0.0002212391,0.0001336762
56.5000000000,0.0001908937,0.0002059940,0.0002210943,0.0001335098
56.6000000000,0.0001907337,0.0002058416,0.0002209495,0.0001333434
56.7000000000,0.0001905737,0.0002056892,0.0002208047,0.0001331770
56.8000000000,0.0001904136,0.0002055368,0.0002206600,0.0001330105
56.9000000000,0.0001902536,0.0002053844,0.0002205152,0.0001328440
57.0000000000,0.0001900936,0.0002052320,0.0002203704,0.0001326775
57.1000000000,0.0001899336,0.0002050796,0.0002202256,0.0001325109
57.2000000000,0.0001897736,0.0002049272,0.0002200808,0.0001323443
57.3000000000,0.0001896135,0.0002047748,0.0002199361,0.0001321777
57.4000000000,0.0001894535,0.0002046224,0.0002197913,0.0001320110
57.5000000000,0.0001892935,0.0002044700,0.0002196465,0.0001317976
57.6000000000,0.0001891335,0.0002043176,0.0002195017,0.0001316307
57.7000000000,0.0001889735,0.0002041652,0.0002193569,0.0001314637
57.8000000000,0.0001888134,0.0002040128,0.0002192122,0.0001312967
57.9000000000,0.0001886534,0.0002038604,0.0002190674,0.0001311297
58.0000000000,0.0001884934,0.0002037080,0.0002189226,0.0001309627
58.1000000000,0.0001883334,0.0002035556,0.0002187778,0.0001307956
58.2000000000,0.0001881734,0.0002034032,0.0002186330,0.0001306285
58.3000000000,0.0001880133,0.0002032508,0.0002184883,0.0001304613
58.4000000000,0.0001878533,0.0002030984,0.0002183435,0.0001302941
58.5000000000,0.0001876933,0.0002029460,0.0002181987,0.0001301269
58.6000000000,0.0001875333,0.0002027936,0.0002180539,0.0001299596
58.7000000000,0.0001873733,0.0002026412,0.0002179091,0.0001297923
58.8000000000,0.0001872132,0.0002024888,0.0002177644,0.0001296250
58.9000000000,0.0001870532,0.0002023364,0.0002176196,0.0001294576
59.0000000000,0.0001868932,0.0002021840,0.0002174748,0.0001292902
59.1000000000,0.0001867332,0.0002020316,0.0002173300,0.0001291227
59.2000000000,0.0001865732,0.0002018792,0.0002171852,0.0001289552
59.3000000000,0.0001864131,0.0002017268,0.0002170405,0.0001287877
59.4000000000,0.0001862531,0.0002015744,0.0002168957,0.0001286201
59.5000000000,0.0001860931,0.0002014220,0.0002167509,0.0001284525
59.6000000000,0.0001859331,0.0002012696,0.0002166061,0.0001282848
59.7000000000,0.0001857731,0.0002011172,0.0002164613,0.0001281171
59.8000000000,0.0001856130,0.0002009648,0.0002163166,0.0001279494
59.9000000000,0.0001854530,0.0002008124,0.0002161718,0.0001277816
60.0000000000,0.0001852930,0.0002006600,0.0002160270,0.0001276138
60.1000000000,0.0001851330,0.0002005076,0.0002158822,0.0001274460
60.2000000000,0.0001849730,0.0002003552,0.0002157374,0.0001272781
60.3000000000,0.0001848129,0.0002002028,0.0002155927,0.0001271101
60.4000000000,0.0001846529,0.0002000504,0.0002154479,0.0001269422
60.5000000000,0.0001844929,0.0001998980,0.0002153031,0.0001267741
60.6000000000,0.0001843329,0.0001997456,0.0002151583,0.0001266061
60.7000000000,0.0001841729,0.0001995932,0.0002150135,0.0001264380
60.8000000000,0.0001840128,0.0001994408,0.0002148688,0.0001262699
60.9000000000,0.0001838528,0.0001992884,0.0002147240,0.0001261017
61.0000000000,0.0001836928,0.0001991360,0.0002145792,0.0001259335
61.1000000000,0.0001835328,0.0001989836,0.0002144344,0.0001257652
61.2000000000,0.0001833728,0.0001988312,0.0002142896,0.0001255969
61.3000000000,0.0001832127,0.0001986788,0.0002141449,0.0001254286
61.4000000000,0.0001830527,0.0001985264,0.0002140001,0.0001252602
61.5000000000,0.0001828927,0.0001983740,0.0002138553,0.0001250918
61.6000000000,0.0001827327,0.0001982216,0.0002137105,0.0001249233
61.7000000000,0.0001825727,0.0001980692,0.0002135657,0.0001247548
61.8000000000,0.0001824126,0.0001979168,0.0002134210,0.0001245862
61.9000000000,0.0001822526,0.0001977644,0.0002132762,0.0001244176
62.0000000000,0.0001820926,0.0001976120,0.0002131314,0.0001242490
62.1000000000,0.0001819326,0.0001974596,0.0002129866,0.0001240803
62.2000000000,0.0001817726,0.0001973072,0.0002128418,0.0001239116
62.3000000000,0.0001816125,0.0001971548,0.0002126971,0.0001237428
62.4000000000,0.0001814525,0.0001970024,0.0002125523,0.0001235740
62.5000000000,0.0001812925,0.0001968500,0.0002124075,0.0001233506
62.6000000000,0.0001811325,0.0001966976,0.0002122627,0.0001231815
62.7000000000,0.0001809725,0.0001965452,0.0002121179,0.0001230124
62.8000000000,0.0001808124,0.0001963928,0.0002119732,0.0001228432
62.9000000000,0.0001806524,0.0001962404,0.0002118284,0.0001226740
63.0000000000,0.0001804924,0.0001960880,0.0002116836,0.0001225048
63.1000000000,0.0001803324,0.0001959356,0.0002115388,0.0001223355
63.2000000000,0.0001801724,0.0001957832,0.0002113940,0.0001221662
63.3000000000,0.0001800123,0.0001956308,0.0002112493,0.0001219968
63.4000000000,0.0001798523,0.0001954784,0.0002111045,0.0001218274
63.5000000000,0.0001796923,0.0001953260,0.0002109597,0.0001216579
63.6000000000,0.0001795323,0.0001951736,0.0002108149,0.0001214884
63.7000000000,0.0001793723,0.0001950212,0.0002106701,0.0001213189
63.8000000000,0.0001792122,0.0001948688,0.0002105254,0.0001211493
63.9000000000,0.0001790522,0.0001947164,0.0002103806,0.0001209796
64.0000000000,0.0001788922,0.0001945640,0.0002102358,0.0001208099
64.1000000000,0.0001787322,0.0001944116,0.0002100910,0.0001206402
64.2000000000,0.0001785722,0.0001942592,0.0002099462,0.0001204704
64.3000000000,0.0001784121,0.0001941068,0.0002098015,0.0001203005
64.4000000000,0.0001782521,0.0001939544,0.0002096567,0.0001201306
64.5000000000,0.0001780921,0.0001938020,0.0002095119,0.0001199607
64.6000000000,0.0001779321,0.0001936496,0.0002093671,0.0001197907
64.7000000000,0.0001777721,0.0001934972,0.0002092223,0.0001196207
64.8000000000,0.0001776120,0.0001933448,0.0002090776,0.0001194506
64.9000000000,0.0001774520,0.0001931924,0.0002089328,0.0001192805
65.0000000000,0.0001772920,0.0001930400,0.0002087880,0.0001191103
65.1000000000,0.0001771320,0.0001928876,0.0002086432,0.0001189401
65.2000000000,0.0001769720,0.0001927352,0.0002084984,0.0001187698
65.3000000000,0.0001768119,0.0001925828,0.0002083537,0.0001185995
65.4000000000,0.0001766519,0.0001924304,0.0002082089,0.0001184291
65.5000000000,0.0001764919,0.0001922780,0.0002080641,0.0001182587
65.6000000000,0.0001763319,0.0001921256,0.0002079193,0.0001180882
65.7000000000,0.0001761719,0.0001919732,0.0002077745,0.0001179177
65.8000000000,0.0001760118,0.0001918208,0.0002076298,0.0001177471
65.9000000000,0.0001758518,0.0001916684,0.0002074850,0.0001175765
66.0000000000,0.0001756918,0.0001915160,0.0002073402,0.0001174058
66.1000000000,0.0001755318,0.0001913636,0.0002071954,0.0001172351
66.2000000000,0.0001753718,0.0001912112,0.0002070506,0.0001170643
66.3000000000,0.0001752117,0.0001910588,0.0002069059,0.0001168934
66.4000000000,0.0001750517,0.0001909064,0.0002067611,0.0001167226
66.5000000000,0.0001748917,0.0001907540,0.0002066163,0.0001165516
66.6000000000,0.0001747317,0.0001906016,0.0002064715,0.0001163806
66.7000000000,0.0001745717,0.0001904492,0.0002063267,0.0001162096
66.8000000000,0.0001744116,0.0001902968,0.0002061820,0.0001160385
66.9000000000,0.0001742516,0.0001901444,0.0002060372,0.0001158674
67.0000000000,0.0001740916,0.0001899920,0.0002058924,0.0001156962
67.1000000000,0.0001739316,0.0001898396,0.0002057476,0.0001155249
67.2000000000,0.0001737716,0.0001896872,0.0002056028,0.0001153536
67.3000000000,0.0001736115,0.0001895348,0.0002054581,0.0001151822
67.4000000000,0.0001734515,0.0001893824,0.0002053133,0.0001150108
67.5000000000,0.0001732915,0.0001892300,0.0002051685,0.0001147766
67.6000000000,0.0001731315,0.0001890776,0.0002050237,0.0001146049
67.7000000000,0.0001729715,0.0001889252,0.0002048789,0.0001144331
67.8000000000,0.0001728114,0.0001887728,0.0002047342,0.0001142613
67.9000000000,0.0001726514,0.0001886204,0.0002045894,0.0001140895
68.0000000000,0.0001724914,0.0001884680,0.0002044446,0.0001139176
68.1000000000,0.0001723314,0.0001883156,0.0002042998,0.0001137456
68.2000000000,0.0001721714,0.0001881632,0.0002041550,0.0001135736
68.3000000000,0.0001720113,0.0001880108,0.0002040103,0.0001134015
68.4000000000,0.0001718513,0.0001878584,0.0002038655,0.0001132293
68.5000000000,0.0001716913,0.0001877060,0.0002037207,0.0001130571
68.6000000000,0.0001715313,0.0001875536,0.0002035759,0.0001128849
68.7000000000,0.0001713713,0.0001874012,0.0002034311,0.0001127126
68.8000000000,0.0001712112,0.0001872488,0.0002032864,0.0001125402
68.9000000000,0.0001710512,0.0001870964,0.0002031416,0.0001123678
69.0000000000,0.0001708912,0.0001869440,0.0002029968,0.0001121953
69.1000000000,0.0001707312,0.0001867916,0.0002028520,0.0001120227
69.2000000000,0.0001705712,0.0001866392,0.0002027072,0.0001118501
69.3000000000,0.0001704111,0.0001864868,0.0002025625,0.0001116775
69.4000000000,0.0001702511,0.0001863344,0.0002024177,0.0001115047
69.5000000000,0.0001700911,0.0001861820,0.0002022729,0.0001113320
69.6000000000,0.0001699311,0.0001860296,0.0002021281,0.0001111591
69.7000000000,0.0001697711,0.0001858772,0.0002019833,0.0001109862
69.8000000000,0.0001696110,0.0001857248,0.0002018386,0.0001108132
69.9000000000,0.0001694510,0.0001855724,0.0002016938,0.0001106402
70.0000000000,0.0001692910,0.0001854200,0.0002015490,0.0001104671
70.1000000000,0.0001691310,0.0001852676,0.0002014042,0.0001102940
70.2000000000,0.0001689710,0.0001851152,0.0002012594,0.0001101208
70.3000000000,0.0001688109,0.0001849628,0.0002011147,0.0001099475
70.4000000000,0.0001686509,0.0001848104,0.0002009699,0.0001097741
70.5000000000,0.0001684909,0.0001846580,0.0002008251,0.0001096007
70.6000000000,0.0001683309,0.0001845056,0.0002006803,0.0001094273
70.7000000000,0.0001681709,0.0001843532,0.0002005355,0.0001092538
70.8000000000,0.0001680108,0.0001842008,0.0002003908,0.0001090802
70.9000000000,0.0001678508,0.0001840484,0.0002002460,0.0001089065
71.0000000000,0.0001676908,0.0001838960,0.0002001012,0.0001087328
71.1000000000,0.0001675308,0.0001837436,0.0001999564,0.0001085590
71.2000000000,0.0001673708,0.0001835912,0.0001998116,0.0001083852
71.3000000000,0.0001672107,0.0001834388,0.0001996669,0.0001082113
71.4000000000,0.0001670507,0.0001832864,0.0001995221,0.0001080373
71.5000000000,0.0001668907,0.0001831340,0.0001993773,0.0001078632
71.6000000000,0.0001667307,0.0001829816,0.0001992325,0.0001076891
71.7000000000,0.0001665707,0.0001828292,0.0001990877,0.0001075150
71.8000000000,0.0001664106,0.0001826768,0.0001989430,0.0001073407
71.9000000000,0.0001662506,0.0001825244,0.0001987982,0.0001071664
72.0000000000,0.0001660906,0.0001823720,0.0001986534,0.0001069920
72.1000000000,0.0001659306,0.0001822196,0.0001985086,0.0001068176
72.2000000000,0.0001657706,0.0001820672,0.0001983638,0.0001066431
72.3000000000,0.0001656105,0.0001819148,0.0001982191,0.0001064685
72.4000000000,0.0001654505,0.0001817624,0.0001980743,0.0001062938
72.5000000000,0.0001652905,0.0001816100,0.0001979295,0.0001060477
72.6000000000,0.0001651305,0.0001814576,0.0001977847,0.0001058727
72.7000000000,0.0001649705,0.0001813052,0.0001976399,0.0001056977
72.8000000000,0.0001648104,0.0001811528,0.0001974952,0.0001055226
72.9000000000,0.0001646504,0.0001810004,0.0001973504,0.0001053474
73.0000000000,0.0001644904,0.0001808480,0.0001972056,0.0001051721
73.1000000000,0.0001643304,0.0001806956,0.0001970608,0.0001049968
73.2000000000,0.0001641704,0.0001805432,0.0001969160,0.0001048214
73.3000000000,0.0001640103,0.0001803908,0.0001967713,0.0001046460
73.4000000000,0.0001638503,0.0001802384,0.0001966265,0.0001044704
73.5000000000,0.0001636903,0.0001800860,0.0001964817,0.0001042948
73.6000000000,0.0001635303,0.0001799336,0.0001963369,0.0001041191
73.7000000000,0.0001633703,0.0001797812,0.0001961921,0.0001039434
73.8000000000,0.0001632102,0.0001796288,0.0001960474,0.0001037675
73.9000000000,0.0001630502,0.0001794764,0.0001959026,0.0001035916
74.0000000000,0.0001628902,0.0001793240,0.0001957578,0.0001034156
74.1000000000,0.0001627302,0.0001791716,0.0001956130,0.0001032396
74.2000000000,0.0001625702,0.0001790192,0.0001954682,0.0001030634
74.3000000000,0.0001624101,0.0001788668,0.0001953235,0.0001028872
74.4000000000,0.0001622501,0.0001787144,0.0001951787,0.0001027109
74.5000000000,0.0001620901,0.0001785620,0.0001950339,0.0001025346
74.6000000000,0.0001619301,0.0001784096,0.0001948891,0.0001023581
74.7000000000,0.0001617701,0.0001782572,0.0001947443,0.0001021816
74.8000000000,0.0001616100,0.0001781048,0.0001945996,0.0001020050
74.9000000000,0.0001614500,0.0001779524,0.0001944548,0.0001018284
75.0000000000,0.0001612900,0.0001778000,0.0001943100,0.0001016516
75.1000000000,0.0001611300,0.0001776476,0.0001941652,0.0001014748
75.2000000000,0.0001609700,0.0001774952,0.0001940204,0.0001012979
75.3000000000,0.0001608099,0.0001773428,0.0001938757,0.0001011209
75.4000000000,0.0001606499,0.0001771904,0.0001937309,0.0001009438
75.5000000000,0.0001604899,0.0001770380,0.0001935861,0.0001007667
75.6000000000,0.0001603299,0.0001768856,0.0001934413,0.0001005894
75.7000000000,0.0001601699,0.0001767332,0.0001932965,0.0001004121
75.8000000000,0.0001600098,0.0001765808,0.0001931518,0.0001002347
75.9000000000,0.0001598498,0.0001764284,0.0001930070,0.0001000572
76.0000000000,0.0001596898,0.0001762760,0.0001928622,0.0000998797
76.1000000000,0.0001595298,0.0001761236,0.0001927174,0.0000997020
76.2000000000,0.0001593698,0.0001759712,0.0001925726,0.0000995243
76.3000000000,0.0001592097,0.0001758188,0.0001924279,0.0000993465
76.4000000000,0.0001590497,0.0001756664,0.0001922831,0.0000991686
76.5000000000,0.0001588897,0.0001755140,0.0001921383,0.0000989906
76.6000000000,0.0001587297,0.0001753616,0.0001919935,0.0000988125
76.7000000000,0.0001585697,0.0001752092,0.0001918487,0.0000986344
76.8000000000,0.0001584096,0.0001750568,0.0001917040,0.0000984561
76.9000000000,0.0001582496,0.0001749044,0.0001915592,0.0000982778
77.0000000000,0.0001580896,0.0001747520,0.0001914144,0.0000980994
77.1000000000,0.0001579296,0.0001745996,0.0001912696,0.0000979209
77.2000000000,0.0001577696,0.0001744472,0.0001911248,0.0000977423
77.3000000000,0.0001576095,0.0001742948,0.0001909801,0.0000975636
77.4000000000,0.0001574495,0.0001741424,0.0001908353,0.0000973848
77.5000000000,0.0001572895,0.0001739900,0.0001906905,0.0000971252
77.6000000000,0.0001571295,0.0001738376,0.0001905457,0.0000969460
77.7000000000,0.0001569695,0.0001736852,0.0001904009,0.0000967668
77.8000000000,0.0001568094,0.0001735328,0.0001902562,0.0000965875
77.9000000000,0.0001566494,0.0001733804,0.0001901114,0.0000964081
78.0000000000,0.0001564894,0.0001732280,0.0001899666,0.0000962285
78.1000000000,0.0001563294,0.0001730756,0.0001898218,0.0000960489
78.2000000000,0.0001561694,0.0001729232,0.0001896770,0.0000958692
78.3000000000,0.0001560093,0.0001727708,0.0001895323,0.0000956894
78.4000000000,0.0001558493,0.0001726184,0.0001893875,0.0000955095
78.5000000000,0.0001556893,0.0001724660,0.0001892427,0.0000953295
78.6000000000,0.0001555293,0.0001723136,0.0001890979,0.0000951494
78.7000000000,0.0001553693,0.0001721612,0.0001889531,0.0000949693
78.8000000000,0.0001552092,0.0001720088,0.0001888084,0.0000947890
78.9000000000,0.0001550492,0.0001718564,0.0001886636,0.0000946086
79.0000000000,0.0001548892,0.0001717040,0.0001885188,0.0000944281
79.1000000000,0.0001547292,0.0001715516,0.0001883740,0.0000942476
79.2000000000,0.0001545692,0.0001713992,0.0001882292,0.0000940669
79.3000000000,0.0001544091,0.0001712468,0.0001880845,0.0000938861
79.4000000000,0.0001542491,0.0001710944,0.0001879397,0.0000937052
79.5000000000,0.0001540891,0.0001709420,0.0001877949,0.0000935242
79.6000000000,0.0001539291,0.0001707896,0.0001876501,0.0000933432
79.7000000000,0.0001537691,0.0001706372,0.0001875053,0.0000931620
79.8000000000,0.0001536090,0.0001704848,0.0001873606,0.0000929807
79.9000000000,0.0001534490,0.0001703324,0.0001872158,0.0000927993
80.0000000000,0.0001532890,0.0001701800,0.0001870710,0.0000926178
